machine_id,published,lifecycle_status,market,image_filename,image_alt_text,source_url,source_title,last_reviewed_date,notes,machine,manufacturer,country_of_manufacture,model_year,rated_hp,max_hp,max_hp_with_ipm,max_torque_nm,transmission,transmission_filter_tags,transmission_class,top_speed_filter,cylinders_filter,top_speed_kmh,wheelbase_mm,unladen_weight_kg,max_permissible_weight_40_kmh_kg,max_permissible_weight_50_kmh_kg,max_permissible_weight_60_kmh_kg,rated_hydraulic_flow_lpm,max_hydraulic_flow_lpm,max_scvs,rear_hitch_capacity_kg,front_hitch_capacity_kg,engine_capacity_l,number_of_cylinders,engine_manufacturer,cab_suspension,fuel_capacity_l,engine_stage_tier,adblue_tank_l,rear_pto_option,rear_pto_filter_tags
john-deere-5050e-2023-au,TRUE,,AU,,,,,,,John Deere 5050E,John Deere,India,2023,50,50,,188,9F/3R TSS,Mechanical / Shuttle,Mechanical / Shuttle,30,3,30,2050,2500,,,,68.8,68.8,1 Rear 2 Mid,1450,,2.9,3,John Deere,None (Rubber Isolated Cab),68,Tier 3,,540/540E,540E|540
john-deere-5055e-2023-au,TRUE,,AU,,,,,,,John Deere 5055E,John Deere,India,2023,55,55,,214,"12F/12R PR, 9F/3R TSS",Mechanical / Shuttle,Mechanical / Shuttle,33,3,33,2050,3000,,,,68.8,68.8,2 Rear + 2 Mid,1448,,2.9,3,John Deere,None (Rubber Isolated Cab),82,Tier 3,,540/540E,540E|540
john-deere-5065e-2023-au,TRUE,,AU,,,,,,,John Deere 5065E,John Deere,India,2023,65,65,,237,"12F/12R PR, 9F/3R TSS",Mechanical / Shuttle,Mechanical / Shuttle,33,3,33,2050,3000,,,,68.8,68.8,2 Rear + 2 Mid,1448,,2.9,3,John Deere,None (Rubber Isolated Cab),82,Tier 3,,540/540E,540E|540
john-deere-5075e-2023-au,TRUE,,AU,,,,,,,John Deere 5075E,John Deere,India,2023,75,75,,265,"12F/12R PR, 9F/3R TSS",Mechanical / Shuttle,Mechanical / Shuttle,33,3,33,2050,3000,,,,68.8,68.8,2 Rear + 2 Mid,1448,,2.9,3,John Deere,None (Rubber Isolated Cab),82,Tier 3,,540/540E,540E|540
john-deere-5082e-2023-au,TRUE,,AU,,,,,,,John Deere 5082E,John Deere,Mexico,2023,82,82,,315,12F/12R PR,Mechanical / Shuttle,Mechanical / Shuttle,30,4,30,2180,3000,,,,85.1,85.1,2 Rear + 2 Mid,1398,,4.5,4,John Deere,None (Rubber Isolated Cab),125,Tier 2,,540/540E,540E|540
john-deere-5090e-2023-au,TRUE,,AU,,,,,,,John Deere 5090E,John Deere,Mexico,2023,92,92,,355,12F/12R PR,Mechanical / Shuttle,Mechanical / Shuttle,30,4,30,2180,3000,,,,85.1,85.1,2 Rear + 2 Mid,1398,,4.5,4,John Deere,None (Rubber Isolated Cab),125,Tier 2,,540/540E,540E|540
john-deere-5075m-2025-au,TRUE,,AU,,,,,,,John Deere 5075M,John Deere,India,2025,75,75,,,PowrReverser™,Mechanical / Shuttle,Mechanical / Shuttle,40,3,40,2350,4175,,,,94,94,3 + 2,"2336, 2699",,2.9,3,John Deere,,142 / 165,Final Tier 4,,540/540E or 540/540E/1000,540E|540|1000
john-deere-5085m-2025-au,TRUE,,AU,,,,,,,John Deere 5085M,John Deere,India,2025,85,90,,,"PowrReverser™, PowrQuad™ PLUS, Powr8™",Mechanical / Shuttle|Semi-powershift,Powershift / Semi-powershift,40,4,40,2350,4175,,,,94 / 97,97,3 + 2,"2336, 2699 / 3164, 3569",1882,4.5,4,John Deere,,142 / 165,Final Tier 4,12,540/540E or 540/540E/1000,
john-deere-5095m-2025-au,TRUE,,AU,,,,,,,John Deere 5095M,John Deere,India,2025,95,100,,,"PowrReverser™, PowrQuad™ PLUS, Powr8™",Mechanical / Shuttle|Semi-powershift,Powershift / Semi-powershift,40,4,40,2350,4175,,,,94 / 97,97,3 + 2,"2336, 2699 / 3164, 3569",1882,4.5,4,John Deere,,142 / 165,Final Tier 4,12,540/540E or 540/540E/1000,540E|540|1000
john-deere-5105m-2025-au,TRUE,,AU,,,,,,,John Deere 5105M,John Deere,India,2025,105,110,,,"PowrReverser™, PowrQuad™ PLUS, Powr8™",Mechanical / Shuttle|Semi-powershift,Powershift / Semi-powershift,40,4,40,2350,4175,,,,94 / 97,97,3 + 2,"2336, 2699 / 3164, 3569",1882,4.5,4,John Deere,,142 / 165,Final Tier 4,12,540/540E or 540/540E/1000,540E|540|1000
john-deere-5120m-2025-au,TRUE,,AU,,,,,,,John Deere 5120M,John Deere,India,2025,120,125,,,"PowrReverser™, PowrQuad™ PLUS, Powr8™",Mechanical / Shuttle|Semi-powershift,Powershift / Semi-powershift,40,4,40,2350,4175,,,,94 / 97,97,3 + 2,"2336, 2699 / 3164, 3569",1882,4.5,4,John Deere,,142 / 165,Final Tier 4,12,540/540E or 540/540E/1000,540E|540|1000
john-deere-5130m-2025-au,TRUE,,AU,,,,,,,John Deere 5130M,John Deere,India,2025,130,135,,,"PowrQuad™ PLUS,Powr8™",Semi-powershift,Powershift / Semi-powershift,40,4,40,2350,4175,,,,97,97,3 + 2,"3164, 3569",1882,4.5,4,John Deere,,165,Final Tier 4,12,540/540E or 540/540E/1000,540E|540|1000
john-deere-6m-95-2025-au,TRUE,,AU,,,,,,,John Deere 6M 95,John Deere,Germany,2025,95,105,120,481,"PowrQuad™ Plus, AutoQuad™ Plus, CommandQuad™ Plus, AutoPowr™ (IVT)",Semi-powershift|CVT / IVT / EVT,Mixed (CVT + stepped),50,4,50,2400,5900,10450,10450,,114 / 80,114,4 + 3,"2750, 3600",3300,4.5,4,John Deere,Optional (Mechanical Cab Suspension),175 / 200,Final Tier 4,19,"540E, 540, 1000",540E|540|1000
john-deere-6m-105-2025-au,TRUE,,AU,,,,,,,John Deere 6M 105,John Deere,Germany,2025,105,116,130,523,"PowrQuad™ Plus, AutoQuad™ Plus, CommandQuad™ Plus, AutoPowr™ (IVT)",Semi-powershift|CVT / IVT / EVT,Mixed (CVT + stepped),50,4,50,2400,5900,10450,10450,,114 / 80,114,4 + 3,"2750, 3600",3300,4.5,4,John Deere,Optional (Mechanical Cab Suspension),175 / 200,Final Tier 4,19,"540E, 540, 1000",540E|540|1000
john-deere-6m-110-2025-au,TRUE,,AU,,,,,,,John Deere 6M 110,John Deere,Germany,2025,110,121,,497,"PowrQuad™ Plus, AutoQuad™ Plus, CommandQuad™ Plus",Semi-powershift,Powershift / Semi-powershift,40,4,40,2580,6200,10450,,,114 / 80,114,4 + 3,"3600, 4100",3300,4.5,4,John Deere,Optional (Mechanical Cab Suspension),260,Tier 2,,"540E, 540, 1000E, 1000",540E|540|1000E|1000
john-deere-6m-125-2025-au,TRUE,,AU,,,,,,,John Deere 6M 125,John Deere,Germany,2025,125,138,150,586,"PowrQuad™ Plus, AutoQuad™ Plus, CommandQuad™ Plus, AutoPowr™ (IVT)",Semi-powershift|CVT / IVT / EVT,Mixed (CVT + stepped),50,4,50,2400,5900,10450,10450,,114 / 80,114,4 + 3,"2750, 3600",3300,4.5,4,John Deere,Optional (Mechanical Cab Suspension),175 / 200,Final Tier 4,19,"540E, 540, 1000E, 1000",540E|540|1000E|1000
john-deere-6m-130-2025-au,TRUE,,AU,,,,,,,John Deere 6M 130,John Deere,Germany,2025,130,143,156,627,"PowrQuad™ Plus, AutoQuad™ Plus, CommandQuad™ Plus, AutoPowr™ (IVT)",Semi-powershift|CVT / IVT / EVT,Mixed (CVT + stepped),50,4,50,2580,6200,10450,10450,,114 / 80,114,4 + 3,"3600, 4100",3300,4.5,4,John Deere,Optional (Mechanical Cab Suspension),205/225,Tier 3 / Final Tier 4,14,"540E, 540, 1000E, 1000",540E|540|1000E|1000
john-deere-6m-140-2025-au,TRUE,,AU,,,,,,,John Deere 6M 140,John Deere,Germany,2025,140,154,,632,"PowrQuad™ Plus, AutoQuad™ Plus, CommandQuad™ Plus",Semi-powershift,Powershift / Semi-powershift,40,6,40,2765,7800,12400,,,114,114,4 + 3,"3600, 4100",3300,6.8,6,John Deere,Optional (Mechanical Cab Suspension),325,Tier 2,,"540E, 540, 1000E, 1000",540E|540|1000E|1000
john-deere-6m-155-2025-au,TRUE,,AU,,,,,,,John Deere 6M 155,John Deere,Germany,2025,155,170,182,767,"PowrQuad™ Plus, AutoQuad™ Plus, CommandQuad™ Plus, AutoPowr™ (IVT)",Semi-powershift|CVT / IVT / EVT,Mixed (CVT + stepped),50,6,50,2765,7800,12400,12400,,114 / 155,155,4 + 3,"3500, 3950",3300,6.8,6,John Deere,Optional (Mechanical Cab Suspension),285/330,Tier 3 / Final Tier 4,16,"540E, 540, 1000E, 1000",540E|540|1000E|1000
john-deere-6m-180-2025-au,TRUE,,AU,,,,,,,John Deere 6M 180,John Deere,Germany,2025,180,198,208,876,"PowrQuad™ Plus, AutoQuad™ Plus, CommandQuad™ Plus, AutoPowr™ (IVT)",Semi-powershift|CVT / IVT / EVT,Mixed (CVT + stepped),50,6,50,2800,8500,13450,13450,,114 / 155,155,4 + 3,"4600, 5150",3300,6.8,6,John Deere,Optional (Mechanical Cab Suspension),325/425,Tier 3 / Final Tier 4,20,"540E, 540, 1000E, 1000",540E|540|1000E|1000
john-deere-6m-200-2025-au,TRUE,,AU,,,,,,,John Deere 6M 200,John Deere,Germany,2025,200,220,229,964,"PowrQuad™ Plus, AutoQuad™ Plus, CommandQuad™ Plus, AutoPowr™ (IVT)",Semi-powershift|CVT / IVT / EVT,Mixed (CVT + stepped),50,6,50,2800,8500,13450,13450,,114 / 155,155,4 + 3,"4600, 5150",3300,6.8,6,John Deere,Optional (Mechanical Cab Suspension),325/425,Tier 3 / Final Tier 4,20,"540E, 540, 1000E, 1000",540E|540|1000E|1000
john-deere-6m-220-2025-au,TRUE,,AU,,,,,,,John Deere 6M 220,John Deere,Germany,2025,220,242,249,1025,"PowrQuad™ Plus, AutoQuad™ Plus, CommandQuad™ Plus, AutoPowr™ (IVT)",Semi-powershift|CVT / IVT / EVT,Mixed (CVT + stepped),50,6,50,2800,8500,13450,13450,,114 / 155,155,4 + 3,"4600, 5150",3300,6.8,6,John Deere,Optional (Mechanical Cab Suspension),325/425,Tier 3 / Final Tier 4,20,"540E, 540, 1000E, 1000",540E|540|1000E|1000
john-deere-6m-230-2025-au,TRUE,,AU,,,,,,,John Deere 6M 230,John Deere,Germany,2025,230,253,260,1095,AutoPowr™ (IVT),CVT / IVT / EVT,CVT / IVT / EVT,50,6,50,2900,9300,15000,15000,,155 / 195,195,4 + 3,"5900, 6700",4400,6.8,6,John Deere,Optional (Mechanical Cab Suspension),410/470,Tier 3 / Final Tier 4,25,"540E, 540, 1000E, 1000",540E|540|1000E|1000
john-deere-6m-250-2025-au,TRUE,,AU,,,,,,,John Deere 6M 250,John Deere,Germany,2025,250,275,281,1183,AutoPowr™ (IVT),CVT / IVT / EVT,CVT / IVT / EVT,50,6,50,2900,9300,15000,15000,,156 / 195,195,4 + 3,"5900, 6700",4400,6.8,6,John Deere,Optional (Mechanical Cab Suspension),410/470,Tier 3 / Final Tier 4,25,"540E, 540, 1000E, 1000",540E|540|1000E|1000
john-deere-6r-110-2022-au,TRUE,,AU,,,,,,,John Deere 6R 110,John Deere,Germany,2022,110,121,135,543,"AutoQuad™ Plus, CommandQuad™ Plus, DirectDrive, AutoPowr™ (IVT)",Semi-powershift|Full powershift|CVT / IVT / EVT,Mixed (CVT + stepped),50,4,50,2580,6500,10450,10450,,114,114,5 + 3,4350,3300,4.5,4,John Deere,Optional (Hydraulic Cab Suspension),199/225,Final Tier 4,14,"540E, 540, 1000E, 1000",540E|540|1000E|1000
john-deere-6r-120-2022-au,TRUE,,AU,,,,,,,John Deere 6R 120,John Deere,Germany,2022,120,132,145,585,"AutoQuad™ Plus, CommandQuad™ Plus, DirectDrive, AutoPowr™ (IVT)",Semi-powershift|Full powershift|CVT / IVT / EVT,Mixed (CVT + stepped),50,4,50,2580,6500,10450,10450,,114,114,5 + 3,4350,3300,4.5,4,John Deere,Optional (Hydraulic Cab Suspension),199/225,Final Tier 4,14,"540E, 540, 1000E, 1000",540E|540|1000E|1000
john-deere-6r-130-2022-au,TRUE,,AU,,,,,,,John Deere 6R 130,John Deere,Germany,2022,130,143,156,627,"AutoQuad™ Plus, CommandQuad™ Plus, DirectDrive, AutoPowr™ (IVT)",Semi-powershift|Full powershift|CVT / IVT / EVT,Mixed (CVT + stepped),50,4,50,2580,6500,10450,10450,,114,114,5 + 3,4350,3300,4.5,4,John Deere,Optional (Hydraulic Cab Suspension),199/225,Final Tier 4,14,"540E, 540, 1000E, 1000",540E|540|1000E|1000
john-deere-6r-140-2022-au,TRUE,,AU,,,,,,,John Deere 6R 140,John Deere,Germany,2022,140,154,166,669,"AutoQuad™ Plus, CommandQuad™ Plus, DirectDrive, AutoPowr™ (IVT)",Semi-powershift|Full powershift|CVT / IVT / EVT,Mixed (CVT + stepped),50,4,50,2580,6500,10450,10450,,114 / 155,155,5 + 3,4350,3300,4.5,4,John Deere,Optional (Hydraulic Cab Suspension),199/225,Final Tier 4,14,"540E, 540, 1000E, 1000",540E|540|1000E|1000
john-deere-6r-145-2022-au,TRUE,,AU,,,,,,,John Deere 6R 145,John Deere,Germany,2022,145,160,192,773,"AutoQuad™ Plus, DirectDrive, AutoPowr™ (IVT)",Semi-powershift|Full powershift|CVT / IVT / EVT,Mixed (CVT + stepped),50,6,50,2765,7900,11750,11750,,114 / 155,155,6 + 3,4200,3300,6.8,6,John Deere,Optional (Hydraulic Cab Suspension),280/322,Final Tier 4,16,"540E, 540, 1000E, 1000",540E|540|1000E|1000
john-deere-6r-150-2022-au,TRUE,,AU,,,,,,,John Deere 6R 150,John Deere,Germany,2022,150,165,177,711,AutoPowr™ (IVT),CVT / IVT / EVT,CVT / IVT / EVT,50,4,50,2580,6500,10450,10450,,114 / 155,155,5 + 3,4350,3300,4.5,4,John Deere,Optional (Hydraulic Cab Suspension),199/225,Final Tier 4,14,"540E, 540, 1000E, 1000",540E|540|1000E|1000
john-deere-6r-155-2022-au,TRUE,,AU,,,,,,,John Deere 6R 155,John Deere,Germany,2022,155,171,203,815,"AutoQuad™ Plus, DirectDrive, AutoPowr™ (IVT)",Semi-powershift|Full powershift|CVT / IVT / EVT,Mixed (CVT + stepped),50,6,50,2765,7900,11750,11750,,114 / 155,155,6 + 3,4200,3300,6.8,6,John Deere,Optional (Hydraulic Cab Suspension),280/322,Final Tier 4,16,"540E, 540, 1000E, 1000",540E|540|1000E|1000
john-deere-6r-165-2022-au,TRUE,,AU,,,,,,,John Deere 6R 165,John Deere,Germany,2022,165,182,213,842,"DirectDrive, AutoPowr™ (IVT)",Full powershift|CVT / IVT / EVT,Mixed (CVT + stepped),50,6,50,2765,7900,11750,11750,,114 / 155,155,6 + 3,4200,3300,6.8,6,John Deere,Optional (Hydraulic Cab Suspension),280/322,Final Tier 4,16,"540E, 540, 1000E, 1000",540E|540|1000E|1000
john-deere-6r-175-2022-au,TRUE,,AU,,,,,,,John Deere 6R 175,John Deere,Germany,2022,175,193,223,899,"AutoQuad™ Plus, DirectDrive, AutoPowr™ (IVT)",Semi-powershift|Full powershift|CVT / IVT / EVT,Mixed (CVT + stepped),50,6,50,2800,8800,13450,13450,,114 / 155,155,6 + 3,5450,3300,6.8,6,John Deere,Optional (Hydraulic Cab Suspension),324/421,Final Tier 4,20,"540E, 540, 1000E, 1000",540E|540|1000E|1000
john-deere-6r-185-2022-au,TRUE,,AU,,,,,,,John Deere 6R 185,John Deere,Germany,2022,185,204,234,941,AutoPowr™ (IVT),CVT / IVT / EVT,CVT / IVT / EVT,50,6,50,2765,7900,11750,11750,,114 / 155,155,6 + 3,4200,3300,6.8,6,John Deere,Optional (Hydraulic Cab Suspension),280/322,Final Tier 4,16,"540E, 540, 1000E, 1000",540E|540|1000E|1000
john-deere-6r-195-2022-au,TRUE,,AU,,,,,,,John Deere 6R 195,John Deere,Germany,2022,195,215,244,982,"AutoQuad™ Plus, DirectDrive, AutoPowr™ (IVT)",Semi-powershift|Full powershift|CVT / IVT / EVT,Mixed (CVT + stepped),50,6,50,2800,8800,13450,13450,,114 / 155,155,6 + 3,5450,3300,6.8,6,John Deere,Optional (Hydraulic Cab Suspension),324/421,Final Tier 4,20,"540E, 540, 1000E, 1000",540E|540|1000E|1000
john-deere-6r-215-2022-au,TRUE,,AU,,,,,,,John Deere 6R 215,John Deere,Germany,2022,215,237,259,1025,"AutoQuad™ Plus, DirectDrive, AutoPowr™ (IVT)",Semi-powershift|Full powershift|CVT / IVT / EVT,Mixed (CVT + stepped),50,6,50,2800,8800,13450,13450,,114 / 155,155,6 + 3,5450,3300,6.8,6,John Deere,Optional (Hydraulic Cab Suspension),324/421,Final Tier 4,20,"540E, 540, 1000E, 1000",540E|540|1000E|1000
john-deere-6r-230-2022-au,TRUE,,AU,,,,,,,John Deere 6R 230,John Deere,Germany,2022,230,253,281,1129,AutoPowr™ (IVT),CVT / IVT / EVT,CVT / IVT / EVT,50,6,50,2900,8800,13450,13450,,160,160,6 + 3,7000,4400,6.8,6,John Deere,Hydraulic Cab Suspension in base,410/470,Final Tier 4,25,"540E, 540, 1000E, 1000",540E|540|1000E|1000
john-deere-6r-250-2022-au,TRUE,,AU,,,,,,,John Deere 6R 250,John Deere,Germany,2022,250,275,301,1212,AutoPowr™ (IVT),CVT / IVT / EVT,CVT / IVT / EVT,50,6,50,2900,8800,13450,13450,,160,160,6 + 3,7000,4400,6.8,6,John Deere,Hydraulic Cab Suspension in base,410/470,Final Tier 4,25,"540E, 540, 1000E, 1000",540E|540|1000E|1000
john-deere-7r-210-2025-au,TRUE,,AU,,,,,,,John Deere 7R 210,John Deere,USA,2025,210,231,245,,"e23 PowerShift, AutoPowr™ (IVT)",Full powershift|CVT / IVT / EVT,Mixed (CVT + stepped),50,6,50,2925,11500,18000,16000,,162 / 227,227,6 + 3,"6900, 7850",3500,6.8,6,John Deere,Optional Adjustable Cab Suspention,463/513,"Stage 2, Final Tier 4",26,"540E, 540, 1000E, 1000",540E|540|1000E|1000
john-deere-7r-230-2025-au,TRUE,,AU,,,,,,,John Deere 7R 230,John Deere,USA,2025,230,253,265,,"e23 PowerShift, AutoPowr™ (IVT)",Full powershift|CVT / IVT / EVT,Mixed (CVT + stepped),50,6,50,2925,11500,18000,16000,,162 / 227,227,6 + 3,"6900, 7850",3500,6.8,6,John Deere,Optional Adjustable Cab Suspention,463/513,"Stage 2, Final Tier 4",26,"540E, 540, 1000E, 1000",540E|540|1000E|1000
john-deere-7r-250-2025-au,TRUE,,AU,,,,,,,John Deere 7R 250,John Deere,USA,2025,250,275,285,,"e23 PowerShift, AutoPowr™ (IVT)",Full powershift|CVT / IVT / EVT,Mixed (CVT + stepped),50,6,50,2925,11500,18000,16000,,162 / 227,227,6 + 3,"6900, 7850",3500,6.8,6,John Deere,Optional Adjustable Cab Suspention,463/513,Final Tier 4,26,"540E, 540, 1000E, 1000",540E|540|1000E|1000
john-deere-7r-270-2025-au,TRUE,,AU,,,,,,,John Deere 7R 270,John Deere,USA,2025,270,297,305,1245,"e23 PowerShift, AutoPowr™ (IVT)",Full powershift|CVT / IVT / EVT,Mixed (CVT + stepped),50,6,50,2925,11500,18000,16000,,162 / 227,227,6 + 3,"6900, 7850",3500,6.8,6,John Deere,Optional Adjustable Cab Suspention,463/513,Final Tier 4,26,"540E, 540, 1000E, 1000",540E|540|1000E|1000
john-deere-7r-290-2025-au,TRUE,,AU,,,,,,,John Deere 7R 290,John Deere,USA,2025,290,319,332,1358,"e23 PowerShift, AutoPowr™ (IVT)",Full powershift|CVT / IVT / EVT,Mixed (CVT + stepped),50,6,50,2925,11500,18000,16000,,162 / 227,227,6 + 3,"6900, 7850",3500,9,6,John Deere,Optional Adjustable Cab Suspention,463/513,Final Tier 4,26,"540E, 540, 1000E, 1000",540E|540|1000E|1000
john-deere-7r-310-2025-au,TRUE,,AU,,,,,,,John Deere 7R 310,John Deere,USA,2025,310,341,352,1452,"e23 PowerShift, AutoPowr™ (IVT)",Full powershift|CVT / IVT / EVT,Mixed (CVT + stepped),50,6,50,2925,11500,18000,16000,,162 / 227,227,6 + 3,"6900, 7850",3500,9,6,John Deere,Optional Adjustable Cab Suspention,463/513,Final Tier 4,26,"540E, 540, 1000E, 1000",540E|540|1000E|1000
john-deere-7r-330-2025-au,TRUE,,AU,,,,,,,John Deere 7R 330,John Deere,USA,2025,330,363,373,1545,"e23 PowerShift, AutoPowr™ (IVT)",Full powershift|CVT / IVT / EVT,Mixed (CVT + stepped),50,6,50,2925,11500,18000,16000,,162 / 227,227,6 + 3,"6900, 7850",3500,9,6,John Deere,Optional Adjustable Cab Suspention,463/513,Final Tier 4,26,"540E, 540, 1000E, 1000",540E|540|1000E|1000
john-deere-7r-350-2025-au,TRUE,,AU,,,,,,,John Deere 7R 350,John Deere,USA,2025,350,385,388,1580,AutoPowr™ (IVT),CVT / IVT / EVT,CVT / IVT / EVT,50,6,50,2925,11500,18000,16000,,162 / 227,227,6 + 3,"6900, 7850",3500,9,6,John Deere,Optional Adjustable Cab Suspention,463/513,Final Tier 4,26,"540E, 540, 1000E, 1000",540E|540|1000E|1000
john-deere-8r-230-2025-au,TRUE,,AU,,,,,,,John Deere 8R 230,John Deere,USA,2025,230,253,265,1077,"16-speed PowerShift, e23 PowerShift, AutoPowr™ (IVT)",Full powershift|CVT / IVT / EVT,Mixed (CVT + stepped),50,6,50,3050,12700,20003,20003,,227 / 318,318,6 + 2,"6894, 9072",5200,9,6,John Deere,Optional Adjustable Cab Suspention,727,Tier 3 / Final Tier 4,37,"540, 1000E, 1000",540|1000E|1000
john-deere-8r-250-2025-au,TRUE,,AU,,,,,,,John Deere 8R 250,John Deere,USA,2025,250,275,285,1171,"16-speed PowerShift, e23 PowerShift, AutoPowr™ (IVT)",Full powershift|CVT / IVT / EVT,Mixed (CVT + stepped),50,6,50,3050,12700,20003,20003,,227 / 318,318,6 + 2,"6894, 9072",5200,9,6,John Deere,Optional Adjustable Cab Suspention,727,Tier 3 / Final Tier 4,37,"540, 1000E, 1000",540|1000E|1000
john-deere-8r-280-2025-au,TRUE,,AU,,,,,,,John Deere 8R 280,John Deere,USA,2025,280,308,315,1311,"16-speed PowerShift, e23 PowerShift, AutoPowr™ (IVT)",Full powershift|CVT / IVT / EVT,Mixed (CVT + stepped),50,6,50,3050,12700,20003,20003,,227 / 318,318,6 + 2,"6894, 9072",5200,9,6,John Deere,Optional Adjustable Cab Suspention,727,Tier 3 / Final Tier 4,37,"540, 1000E, 1000",540|1000E|1000
john-deere-8r-310-2025-au,TRUE,,AU,,,,,,,John Deere 8R 310,John Deere,USA,2025,310,341,345,1452,"16-speed PowerShift, e23 PowerShift, AutoPowr™ (IVT)",Full powershift|CVT / IVT / EVT,Mixed (CVT + stepped),50,6,50,3050,12700,20003,20003,,227 / 318,318,6 + 2,"6894, 9072",5200,9,6,John Deere,Optional Adjustable Cab Suspention,727,Tier 3 / Final Tier 4,37,"540, 1000E, 1000",540|1000E|1000
john-deere-8r-340-2025-au,TRUE,,AU,,,,,,,John Deere 8R 340,John Deere,USA,2025,340,374,375,1592,"e23 PowerShift, AutoPowr™ (IVT)",Full powershift|CVT / IVT / EVT,Mixed (CVT + stepped),50,6,50,3050,12700,20003,20003,,227 / 318,318,6 + 2,"6894, 9072",5200,9,6,John Deere,Optional Adjustable Cab Suspention,727,Tier 3 / Final Tier 4,37,"540, 1000E, 1000",540|1000E|1000
john-deere-8r-370-2025-au,TRUE,,AU,,,,,,,John Deere 8R 370,John Deere,USA,2025,370,407,405,1732,"e23 PowerShift, AutoPowr™ (IVT)",Full powershift|CVT / IVT / EVT,Mixed (CVT + stepped),50,6,50,3050,12700,20003,20003,,227 / 318,318,6 + 2,"6894, 9072",5200,9,6,John Deere,Optional Adjustable Cab Suspention,727,Tier 3 / Final Tier 4,37,"540, 1000E, 1000",540|1000E|1000
john-deere-8r-410-2025-au,TRUE,,AU,,,,,,,John Deere 8R 410,John Deere,USA,2025,410,443,445,1851,eAutoPowr™ (EVT),CVT / IVT / EVT,CVT / IVT / EVT,50,6,50,3050,12700,20003,20003,,227 / 318,318,6 + 2,"6894, 9072",5200,9,6,John Deere,Optional Adjustable Cab Suspention,727,Tier 3 / Final Tier 4,37,"540, 1000E, 1000",540|1000E|1000
john-deere-8r-440-2027-au,TRUE,,AU,,,,,,,John Deere 8R 440,John Deere,USA,2027,440,484,524,2196,eAutoPowr EVT,CVT / IVT / EVT,CVT / IVT / EVT,60,6,60,3350,17000,24000,24000,20000,320 / 418,418,6 Rear + 2 Front,10886,5640,13.6,6,John Deere,Optional Adjustable Cab Suspention,936,Stage 3,,"1000, 1000E or 1300",1000E|1000|1300
john-deere-8r-490-2027-au,TRUE,,AU,,,,,,,John Deere 8R 490,John Deere,USA,2027,490,539,579,2445,eAutoPowr EVT,CVT / IVT / EVT,CVT / IVT / EVT,60,6,60,3350,17000,24000,24000,20000,320 / 418,418,6 Rear + 2 Front,10886,5640,13.6,6,John Deere,Optional Adjustable Cab Suspention,936,Stage 3,,"1000, 1000E or 1300",1000E|1000|1300
john-deere-8r-540-2027-au,TRUE,,AU,,,,,,,John Deere 8R 540,John Deere,USA,2027,540,594,634,2695,eAutoPowr EVT,CVT / IVT / EVT,CVT / IVT / EVT,60,6,60,3350,17000,24000,24000,20000,320 / 418,418,6 Rear + 2 Front,10886,5640,13.6,6,John Deere,Optional Adjustable Cab Suspention,936,Stage 3,,"1000, 1000E or 1300",1000E|1000|1300
john-deere-8rt-310-2025-au,TRUE,,AU,,,,,,,John Deere 8RT 310,John Deere,USA,2025,310,341,345,1452,"e23 PowerShift, AutoPowr™ (IVT)",Full powershift|CVT / IVT / EVT,Mixed (CVT + stepped),40,6,40,2477,16600,18200,,,227,227,6 Rear,"9072, 6894",,9,6,John Deere,4-post cab suspension & AirCushion™ Suspension,764,Tier 3 / Final Tier 4,31,1000,1000
john-deere-8rt-340-2025-au,TRUE,,AU,,,,,,,John Deere 8RT 340,John Deere,USA,2025,340,374,375,1592,"e23 PowerShift, AutoPowr™ (IVT)",Full powershift|CVT / IVT / EVT,Mixed (CVT + stepped),40,6,40,2477,16600,18200,,,227,227,6 Rear,"9072, 6894",,9,6,John Deere,4-post cab suspension & AirCushion™ Suspension,764,Tier 3 / Final Tier 4,31,1000,1000
john-deere-8rt-370-2025-au,TRUE,,AU,,,,,,,John Deere 8RT 370,John Deere,USA,2025,370,407,405,1732,"e23 PowerShift, eAutoPowr™ (EVT)",Full powershift|CVT / IVT / EVT,Mixed (CVT + stepped),40,6,40,2477,16600,18200,,,227,227,6 Rear,"9072, 6894",,9,6,John Deere,4-post cab suspension & AirCushion™ Suspension,764,Tier 3 / Final Tier 4,31,1000,1000
john-deere-8rt-410-2025-au,TRUE,,AU,,,,,,,John Deere 8RT 410,John Deere,USA,2025,410,443,445,1851,eAutoPowr™ (EVT),CVT / IVT / EVT,CVT / IVT / EVT,40,6,40,2477,16600,18200,,,227,227,6 Rear,"9072, 6894",,9,6,John Deere,4-post cab suspension & AirCushion™ Suspension,764,Tier 3 / Final Tier 4,31,1000,1000
john-deere-8rx-310-2025-au,TRUE,,AU,,,,,,,John Deere 8RX 310,John Deere,USA,2025,310,341,345,1452,"e23 PowerShift, AutoPowr™ (IVT)",Full powershift|CVT / IVT / EVT,Mixed (CVT + stepped),40,6,40,3235,18900,24040,,,227 / 318,318,6 Rear,"9072, 6894 / 9000",,9,6,John Deere,4-post cab suspension,924,Tier 3 / Final Tier 4,37,"1000, 540/1000, 1000/1000E",540|1000E|1000
john-deere-8rx-340-2025-au,TRUE,,AU,,,,,,,John Deere 8RX 340,John Deere,USA,2025,340,374,375,1592,"e23 PowerShift, AutoPowr™ (IVT)",Full powershift|CVT / IVT / EVT,Mixed (CVT + stepped),40,6,40,3235,18900,24040,,,227 / 318,318,6 Rear,"9072, 6894 / 9000",,9,6,John Deere,4-post cab suspension,924,Tier 3 / Final Tier 4,37,"1000, 540/1000, 1000/1000E",540|1000E|1000
john-deere-8rx-370-2025-au,TRUE,,AU,,,,,,,John Deere 8RX 370,John Deere,USA,2025,370,407,405,1732,"e23 PowerShift, eAutoPowr™ (EVT)",Full powershift|CVT / IVT / EVT,Mixed (CVT + stepped),40,6,40,3235,18900,24040,,,227 / 318,318,6 Rear,"9072, 6894 / 9000",,9,6,John Deere,4-post cab suspension,924,Tier 3 / Final Tier 4,37,"1000, 540/1000, 1000/1000E",540|1000E|1000
john-deere-8rx-410-2025-au,TRUE,,AU,,,,,,,John Deere 8RX 410,John Deere,USA,2025,410,443,445,1851,eAutoPowr™ (EVT),CVT / IVT / EVT,CVT / IVT / EVT,40,6,40,3235,18900,24040,,,227 / 318,318,6 Rear,"9072, 6894 / 9000",,9,6,John Deere,4-post cab suspension,829,Tier 3 / Final Tier 4,37,"1000, 540/1000, 1000/1000E",540|1000E|1000
john-deere-8rx-440-2027-au,TRUE,,AU,,,,,,,John Deere 8RX 440,John Deere,USA,2027,440,484,524,2196,eAutoPowr EVT,CVT / IVT / EVT,CVT / IVT / EVT,40,6,40,3305,21949,28500,,,320 / 418,418,6 Rear + 2 Front,10886,5640,13.6,6,John Deere,Cab suspension in base,1123,Stage 3,,"1000, 1000E or 1300",1000E|1000|1300
john-deere-8rx-490-2027-au,TRUE,,AU,,,,,,,John Deere 8RX 490,John Deere,USA,2027,490,539,579,2445,eAutoPowr EVT,CVT / IVT / EVT,CVT / IVT / EVT,40,6,40,3305,21949,28500,,,320 / 418,418,6 Rear + 2 Front,10886,5640,13.6,6,John Deere,Cab suspension in base,1123,Stage 3,,"1000, 1000E or 1300",1000E|1000|1300
john-deere-8rx-540-2027-au,TRUE,,AU,,,,,,,John Deere 8RX 540,John Deere,USA,2027,540,594,634,2695,eAutoPowr EVT,CVT / IVT / EVT,CVT / IVT / EVT,40,6,40,3305,21949,28500,,,320 / 418,418,6 Rear + 2 Front,10886,5640,13.6,6,John Deere,Cab suspension in base,1123,Stage 3,,"1000, 1000E or 1300",1000E|1000|1300
john-deere-9r-390-2023-au,TRUE,,AU,,,,,,,John Deere 9R 390,John Deere,USA,2023,390,429,,,e18-speed PowerShift,Full powershift,Powershift / Semi-powershift,40,6,40,3912,20856,28123,,,208 / 416,416,4 to 8 Rear,"6804, 9072",,13.6,6,John Deere,,1514,Tier 3 / Final Tier 4,120,1000,1000
john-deere-9r-440-2023-au,TRUE,,AU,,,,,,,John Deere 9R 440,John Deere,USA,2023,440,484,,2031,e18-speed PowerShift,Full powershift,Powershift / Semi-powershift,40,6,40,3912,20856,28123,,,208 / 416,416,4 to 8 Rear,"6804, 9072",,13.6,6,John Deere,,1514,Tier 3 / Final Tier 4,120,1000,1000
john-deere-9r-490-2023-au,TRUE,,AU,,,,,,,John Deere 9R 490,John Deere,USA,2023,490,539,,2262,e18-speed PowerShift,Full powershift,Powershift / Semi-powershift,40,6,40,3912,20856,28123,,,208 / 416,416,4 to 8 Rear,"6804, 9072",,13.6,6,John Deere,,1514,Tier 3 / Final Tier 4,120,1000,1000
john-deere-9r-540-2023-au,TRUE,,AU,,,,,,,John Deere 9R 540,John Deere,USA,2023,540,594,,2492,e18-speed PowerShift,Full powershift,Powershift / Semi-powershift,40,6,40,3912,20856,28123,,,208 / 416,416,4 to 8 Rear,"6804, 9072",,13.6,6,John Deere,,1514,Tier 3 / Final Tier 4,120,1000,1000
john-deere-9r-590-2023-au,TRUE,,AU,,,,,,,John Deere 9R 590,John Deere,USA,2023,590,649,615,2723,e18-speed PowerShift,Full powershift,Powershift / Semi-powershift,40,6,40,3912,20856,30390,,,208 / 416,416,4 to 8 Rear,"6804, 9072",,13.6,6,John Deere,,1514,Tier 3 / Final Tier 4,120,1000,1000
john-deere-9r-640-2023-au,TRUE,,AU,,,,,,,John Deere 9R 640,John Deere,USA,2023,640,691,665,2954,e18-speed PowerShift,Full powershift,Powershift / Semi-powershift,40,6,40,3912,21174,30390,,,208 / 416,416,4 to 8 Rear,"6804, 9072",,13.6,6,John Deere,,1514,Tier 3 / Final Tier 4,120,1000,1000
john-deere-9rt-490-2023-au,TRUE,,AU,,,,,,,John Deere 9RT 490,John Deere,USA,2023,490,539,,,e18-speed PowerShift,Full powershift,Powershift / Semi-powershift,40,6,40,2477,20582,24500,,,208 / 416,416,4 to 8 Rear,"6804, 9072",,13.6,6,John Deere,,1324,Tier 3 / Final Tier 4,94,1000,1000
john-deere-9rt-540-2023-au,TRUE,,AU,,,,,,,John Deere 9RT 540,John Deere,USA,2023,540,594,,,e18-speed PowerShift,Full powershift,Powershift / Semi-powershift,40,6,40,2477,20582,24500,,,208 / 416,416,4 to 8 Rear,"6804, 9072",,13.6,6,John Deere,,1324,Tier 3 / Final Tier 4,94,1000,1000
john-deere-9rt-590-2023-au,TRUE,,AU,,,,,,,John Deere 9RT 590,John Deere,USA,2023,590,649,615,,e18-speed PowerShift,Full powershift,Powershift / Semi-powershift,40,6,40,2477,20582,24500,,,208 / 416,416,4 to 8 Rear,"6804, 9072",,13.6,6,John Deere,,1324,Tier 3 / Final Tier 4,94,1000,1000
john-deere-9rx-490-2023-au,TRUE,,AU,,,,,,,John Deere 9RX 490,John Deere,USA,2023,490,539,,,e18-speed PowerShift,Full powershift,Powershift / Semi-powershift,40,6,40,4154,"24639 (narrow), 25546 (wide)",28123,,,208 / 416,416,4 to 8 Rear,"6804, 9072",,13.6,6,John Deere,4-post cab suspension,1514,Tier 3 / Final Tier 4,120,1000,1000
john-deere-9rx-540-2023-au,TRUE,,AU,,,,,,,John Deere 9RX 540,John Deere,USA,2023,540,594,,,e18-speed PowerShift,Full powershift,Powershift / Semi-powershift,40,6,40,4154,"24639 (narrow), 25546 (wide)",28123,,,208 / 416,416,4 to 8 Rear,"6804, 9072",,13.6,6,John Deere,4-post cab suspension,1514,Tier 3 / Final Tier 4,120,1000,1000
john-deere-9rx-590-2023-au,TRUE,,AU,,,,,,,John Deere 9RX 590,John Deere,USA,2023,590,649,615,,e18-speed PowerShift,Full powershift,Powershift / Semi-powershift,40,6,40,4154,"24639 (narrow), 25546 (wide)",30390,,,208 / 416,416,4 to 8 Rear,"6804, 9072",,13.6,6,John Deere,4-post cab suspension,1514,Tier 3 / Final Tier 4,120,1000,1000
john-deere-9rx-640-2023-au,TRUE,,AU,,,,,,,John Deere 9RX 640,John Deere,USA,2023,640,691,665,,e18-speed PowerShift,Full powershift,Powershift / Semi-powershift,40,6,40,4154,25546 (wide),30390,,,208 / 416,416,4 to 8 Rear,"6804, 9072",,13.6,6,John Deere,4-post cab suspension,1514,Tier 3 / Final Tier 4,120,1000,1000
john-deere-9rx-710-2025-au,TRUE,,AU,,,,,,,John Deere 9RX 710,John Deere,USA,2025,710,781,,3123,e21 PowerShift,Full powershift,Powershift / Semi-powershift,40,6,40,4620,33566,38100,,,424 / 212 / 636,636,Up to 8 Rear,,,18,6,John Deere,4-post cab suspension in base,1952,Final Tier 4 / Stage V,,1000,1000
john-deere-9rx-770-2025-au,TRUE,,AU,,,,,,,John Deere 9RX 770,John Deere,USA,2025,770,847,,3123,e21 PowerShift,Full powershift,Powershift / Semi-powershift,40,6,40,4620,33566,38100,,,424 / 212 / 636,636,Up to 8 Rear,,,18,6,John Deere,4-post cab suspension in base,1952,Final Tier 4 / Stage V,,1000,1000
john-deere-9rx-830-2025-au,TRUE,,AU,,,,,,,John Deere 9RX 830,John Deere,USA,2025,830,913,,3123,e21 PowerShift,Full powershift,Powershift / Semi-powershift,40,6,40,4620,33566,38100,,,424 / 212 / 636,636,Up to 8 Rear,,,18,6,John Deere,4-post cab suspension in base,1952,Final Tier 4 / Stage V,,1000,1000
case-ih-farmall-70jx-2017-au,TRUE,,AU,,,,,,,Case IH Farmall 70JX,Case IH,Turkey,2017,65,65,,261,"12x12 Synchro Shuttle™, 20x12 Synchro Shuttle™",Mechanical / Shuttle,Mechanical / Shuttle,30,3,30,2224,3200,,,,51,51,3,2260,,2.9,3,FPT,,110,Tier 3,,"540, 1000",540|1000
case-ih-farmall-75jx-2017-au,TRUE,,AU,,,,,,,Case IH Farmall 75JX,Case IH,Turkey,2017,75,75,,298,"12x12 Hydraulic Powershuttle, 20x12 Synchro Shuttle™",Mechanical / Shuttle,Mechanical / Shuttle,30,4,30,2402,3600,,,,51,51,3,2700,,3.9,4,FPT,,110,Tier 3,,"540, 1000",540|1000
case-ih-farmall-80jx-2017-au,TRUE,,AU,,,,,,,Case IH Farmall 80JX,Case IH,Turkey,2017,80,80,,320,"12x12 Synchro Shuttle™, 20x12 Synchro Shuttle™",Mechanical / Shuttle,Mechanical / Shuttle,30,3,30,2287,3400,,,,51,51,3,2700,,2.9,3,FPT,,110,Tier 3,,"540, 1000",540|1000
case-ih-farmall-90jx-2017-au,TRUE,,AU,,,,,,,Case IH Farmall 90JX,Case IH,Turkey,2017,88,88,,356,"12x12 Hydraulic Powershuttle, 20x12 Synchro Shuttle™",Mechanical / Shuttle,Mechanical / Shuttle,30,4,30,2402,3700,,,,51,51,3,2700,,3.9,4,FPT,,110,Tier 3,,"540, 1000",540|1000
case-ih-farmall-100jx-2017-au,TRUE,,AU,,,,,,,Case IH Farmall 100JX,Case IH,Turkey,2017,98,98,,390,12x12 Hydraulic Powershuttle,Mechanical / Shuttle,Mechanical / Shuttle,30,4,30,2422,3900,,,,51,51,3,2700,,3.9,4,FPT,,110,Tier 3,,"540, 1000",540|1000
case-ih-farmall-110jx-2017-au,TRUE,,AU,,,,,,,Case IH Farmall 110JX,Case IH,Turkey,2017,110,110,,430,12x12 Hydraulic Powershuttle,Mechanical / Shuttle,Mechanical / Shuttle,30,4,30,2422,3900,,,,51,51,3,2700,,3.9,4,FPT,,110,Tier 3,,"540, 1000",540|1000
case-ih-farmall-100c-2026-au,TRUE,,AU,,,,,,,Case IH Farmall 100C,Case IH,Austria,2026,101,101,,450,"24 × 24 Hi-Lo, 40 × 40 Power Shuttle",Mechanical / Shuttle|Semi-powershift,Powershift / Semi-powershift,40,4,40,2350,4645,,,,82.1,82.1,3,,,3.9,4,FPT,,130,Stage V,13,"540E, 540, 1000",540E|540|1000
case-ih-farmall-120c-2026-au,TRUE,,AU,,,,,,,Case IH Farmall 120C,Case IH,Austria,2026,117,117,,506,"25 × 24 Hi-Lo, 40 × 40 Power Shuttle",Mechanical / Shuttle|Semi-powershift,Powershift / Semi-powershift,40,4,40,2350,4645,,,,82.1,82.1,3,,,3.9,4,FPT,,130,Stage V,13,"540E, 540, 1000",540E|540|1000
case-ih-maxxum-110-2013-au,TRUE,,AU,,,,,,,Case IH Maxxum 110,Case IH,UK,2013,112,112,,1400,"16 x 16 Powershift, 32 x 32 Powershuttle",Mechanical / Shuttle|Semi-powershift,Mechanical / Shuttle|Semi-powershift,50,4,50,2400,4790,9000,9000,,113,113,4 Rear + 2 Mid,,3700,4.485,4,FPT,Optional,176,Stage 3A,,"540E, 540, 1000",540E|540|1000
case-ih-maxxum-115-2021-au,TRUE,,AU,,,,,,,Case IH Maxxum 115,Case IH,Austria,2021,116,125,145,590,"CVT, 24x24, 48x48 creeper",CVT / IVT / EVT,CVT / IVT / EVT,50,4,50,2684,6160,9500,9500,,150,150,4 + 3,5254,3100,4.485,4,FPT,Optional,198/222,Stage V,40,540/540E/1000/1000E,540E|540|1000E|1000
case-ih-maxxum-125-2013-au,TRUE,,AU,,,,,,,Case IH Maxxum 125,Case IH,UK,2013,126,126,,1250,"16 x 16 Powershift, 32 x 32 Powershuttle",Mechanical / Shuttle|Semi-powershift,Mechanical / Shuttle|Semi-powershift,50,6,50,2400,4790,9000,9000,,113,113,4 Rear + 2 Mid,,3700,6.728,6,FPT,Optional,250,Stage 3A,,"540E, 540, 1000",540E|540|1000
case-ih-maxxum-135-2021-au,TRUE,,AU,,,,,,,Case IH Maxxum 135,Case IH,Austria,2021,135,145,169,700,"CVT, 24x24, 48x48 creeper",CVT / IVT / EVT,CVT / IVT / EVT,50,6,50,2684,6450,9500,9500,,150,150,4 + 3,5254,3100,6.728,6,FPT,Optional,198/222,Stage V,40,540/540E/1000/1000E,540E|540|1000E|1000
case-ih-maxxum-140-2013-au,TRUE,,AU,,,,,,,Case IH Maxxum 140,Case IH,UK,2013,141,141,,1250,"16 x 16 Powershift, 32 x 32 Powershuttle",Mechanical / Shuttle|Semi-powershift,Mechanical / Shuttle|Semi-powershift,50,6,50,2400,4790,9000,9000,,113,113,4 Rear + 2 Mid,,3700,6.728,6,FPT,Optional,250,Stage 3A,,"540E, 540, 1000",540E|540|1000
case-ih-maxxum-150-2021-au,TRUE,,AU,,,,,,,Case IH Maxxum 150,Case IH,Austria,2021,145,158,175,738,"CVT, 24x24, 48x48 creeper",CVT / IVT / EVT,CVT / IVT / EVT,50,6,50,2684,6450,9500,9500,,150,150,4 + 3,5254,3100,6.728,6,FPT,Optional,198/222,Stage V,40,540/540E/1000/1000E,540E|540|1000E|1000
case-ih-puma-165-2025-au,TRUE,,AU,,,,,,,Case IH Puma 165,Case IH,Austria,2025,165,180,210,770,"PowerDrive 19x6, CVTDrive",Full powershift|CVT / IVT / EVT,Mixed (CVT + stepped),50,6,50,2790,7000,11500,11500,,160,160,5 + 3,6616,5000,6.728,6,FPT,Mechanical,270/330,Stage V,48,540/540E/1000/1000E,540E|540|1000E|1000
case-ih-puma-175-2025-au,TRUE,,AU,,,,,,,Case IH Puma 175,Case IH,Austria,2025,175,200,225,840,CVTDrive,CVT / IVT / EVT,CVT / IVT / EVT,50,6,50,2790,7000,11500,11500,,160,160,5 + 3,6616,5000,6.728,6,FPT,Mechanical,270/330,Stage V,48,540/540E/1000/1000E,540E|540|1000E|1000
case-ih-puma-185-2025-au,TRUE,,AU,,,,,,,Case IH Puma 185,Case IH,Austria,2025,180,200,224,942,"PowerDrive 19x6, CVXDrive",Full powershift|CVT / IVT / EVT,Mixed (CVT + stepped),50,6,50,2884,8625,14400,14400,,120 / 150 / 170,170,5 + 3,7280,5812,6.7,6,FPT,Mechanical/Semi-active/AVS optional,470,Tier 3 / Stage V,54,540/540E/1000/1000E,540E|540|1000E|1000
case-ih-puma-200-2025-au,TRUE,,AU,,,,,,,Case IH Puma 200,Case IH,Austria,2025,200,220,245,1038,"PowerDrive 19x6, CVXDrive",Full powershift|CVT / IVT / EVT,Mixed (CVT + stepped),50,6,50,2884,8625,14400,14400,,120 / 150 / 170,170,5 + 3,7280,5812,6.7,6,FPT,Mechanical/Semi-active/AVS optional,470,Tier 3 / Stage V,54,540/540E/1000/1000E,540E|540|1000E|1000
case-ih-puma-220-2025-au,TRUE,,AU,,,,,,,Case IH Puma 220,Case IH,Austria,2025,220,239,260,1101,"PowerDrive 19x6, CVXDrive",Full powershift|CVT / IVT / EVT,Mixed (CVT + stepped),50,6,50,2884,8625,15000,15000,,120 / 150 / 170,170,5 + 3,7280,5812,6.7,6,FPT,Mechanical/Semi-active/AVS optional,470,Tier 3 / Stage V,54,540/540E/1000/1000E,540E|540|1000E|1000
case-ih-puma-240-2025-au,TRUE,,AU,,,,,,,Case IH Puma 240,Case IH,Austria,2025,240,260,271,1159,CVXDrive,CVT / IVT / EVT,CVT / IVT / EVT,50,6,50,2884,8625,15000,15000,,120 / 150 / 170,170,5 + 3,7280,5812,6.7,6,FPT,Mechanical/Semi-active/AVS optional,470,Stage V,54,540/540E/1000/1000E,540E|540|1000E|1000
case-ih-puma-260-2025-au,TRUE,,AU,,,,,,,Case IH Puma 260,Case IH,Austria,2025,260,281,302,1249,CVXDrive,CVT / IVT / EVT,CVT / IVT / EVT,50,6,50,2884,8625,15000,15000,,120 / 150 / 170,170,5 + 3,7280,5812,6.7,6,FPT,Mechanical/Semi-active/AVS optional,470,Stage V,54,540/540E/1000/1000E,540E|540|1000E|1000
case-ih-optum-270-2025-au,TRUE,,AU,,,,,,,Case IH Optum 270,Case IH,Austria,2025,270,288,,1194,CVTDrive,CVT / IVT / EVT,CVT / IVT / EVT,50,6,50,2995,11530,16800,16800,,220,220,5 + 3,10305,6016,6.7,6,FPT,Semi-active Hydraulic,630,Stage V,96,"540, 540E, 1000, 1000E",540E|540|1000E|1000
case-ih-optum-300-2025-au,TRUE,,AU,,,,,,,Case IH Optum 300,Case IH,Austria,2025,300,313,,1282,CVTDrive,CVT / IVT / EVT,CVT / IVT / EVT,50,6,50,2995,11530,16800,16800,,220,220,5 + 3,10305,6016,6.7,6,FPT,Semi-active Hydraulic,630,Stage V,96,"540, 540E, 1000, 1000E",540E|540|1000E|1000
case-ih-optum-340-2025-au,TRUE,,AU,,,,,,,Case IH Optum 340,Case IH,Austria,2025,340,340,,1398,CVTDrive,CVT / IVT / EVT,CVT / IVT / EVT,50,6,50,2995,11530,16800,16800,,220,220,5 + 3,10305,6016,6.7,6,FPT,Semi-active Hydraulic,630,Stage V,96,"540, 540E, 1000, 1000E",540E|540|1000E|1000
case-ih-optum-360-2025-uk,TRUE,,UK,,,,,,,Case IH Optum 360 *UK SPEC*,Case IH,Austria,2025,360,360,,1616,CVXDrive™ CVT,CVT / IVT / EVT,CVT / IVT / EVT,60,6,60,3190,12450,,18000,18000,220 / 360,360,5 + 3,,,8.7,6,FPT Industrial,Advanced cab suspension,,Stage V,,540E / 1000 / 1000E,540E|540|1000E|1000
case-ih-optum-390-2025-uk,TRUE,,UK,,,,,,,Case IH Optum 390 *UK SPEC*,Case IH,Austria,2025,390,390,,1750,CVXDrive™ CVT,CVT / IVT / EVT,CVT / IVT / EVT,60,6,60,3190,12450,,18000,18000,220 / 360,360,5 + 3,,,8.7,6,FPT Industrial,Advanced cab suspension,,Stage V,,540E / 1000 / 1000E,540E|540|1000E|1000
case-ih-optum-440-2025-uk,TRUE,,UK,,,,,,,Case IH Optum 440 *UK SPEC*,Case IH,Austria,2025,435,435,,1851,CVXDrive™ CVT,CVT / IVT / EVT,CVT / IVT / EVT,60,6,60,3190,12450,,18000,18000,220 / 360,360,5 + 3,,,8.7,6,FPT Industrial,Advanced cab suspension,,Stage V,,540E / 1000 / 1000E,540E|540|1000E|1000
case-ih-magnum-265-2025-au,TRUE,,AU,,,,,,,Case IH Magnum 265,Case IH,USA,2025,265,290,320,,"PowerDrive, CVXDrive",Full powershift|CVT / IVT / EVT,Mixed (CVT + stepped),50,6,50,3100,12973,18000,18000,18000,225 / 327,327,6 Rear ? Front,"7210, 7940",4275,8.7,6,FPT,Semi-active Hydraulic,678 (PowerDrive) / 617 (CVXDrive),Tier 2,99,"540, 1000",540|1000
case-ih-magnum-295-2025-au,TRUE,,AU,,,,,,,Case IH Magnum 295,Case IH,USA,2025,295,325,351,,"PowerDrive, CVXDrive",Full powershift|CVT / IVT / EVT,Mixed (CVT + stepped),50,6,50,3100,12973,18000,18000,18000,225 / 327,327,6 Rear ? Front,"7210, 7940",4275,8.7,6,FPT,Semi-active Hydraulic,678 (PowerDrive) / 617 (CVXDrive),Tier 2,99,"540, 1000",540|1000
case-ih-magnum-325-2025-au,TRUE,,AU,,,,,,,Case IH Magnum 325,Case IH,USA,2025,325,356,383,,"PowerDrive, CVXDrive",Full powershift|CVT / IVT / EVT,Mixed (CVT + stepped),50,6,50,3100,13082,18000,18000,18000,225 / 327,327,6 Rear ? Front,"7210, 7940",4275,8.7,6,FPT,Semi-active Hydraulic,678 (PowerDrive) / 617 (CVXDrive),Tier 2,99,"540, 1000",540|1000
case-ih-magnum-355-2025-au,TRUE,,AU,,,,,,,Case IH Magnum 355,Case IH,USA,2025,355,390,410,,"PowerDrive, CVXDrive",Full powershift|CVT / IVT / EVT,Mixed (CVT + stepped),50,6,50,3150,14148,18000,18000,18000,225 / 327,327,6 Rear ? Front,9026,4275,8.7,6,FPT,Semi-active Hydraulic,678 (PowerDrive) / 617 (CVXDrive),Tier 2,99,"540, 1000",540|1000
case-ih-magnum-355-rowtrac-2025-au,TRUE,,AU,,,,,,,Case IH Magnum 355 Rowtrac,Case IH,USA,2025,355,390,410,,"PowerDrive, CVXDrive",Full powershift|CVT / IVT / EVT,Mixed (CVT + stepped),40,6,40,3150,16329,,,,223 / 327,327,6 Rear ? Front,9026,4275,8.7,6,FPT,Semi-active Hydraulic,678 (PowerDrive) / 617 (CVXDrive),Tier 2,99,"540, 1000",540|1000
case-ih-magnum-385-2025-au,TRUE,,AU,,,,,,,Case IH Magnum 385,Case IH,USA,2025,385,417,435,,CVXDrive,CVT / IVT / EVT,CVT / IVT / EVT,50,6,50,3150,14148,18000,18000,18000,225 / 327,327,6 Rear ? Front,9026,4275,8.7,6,FPT,Semi-active Hydraulic,617 (CVXDrive),Tier 2,99,"540, 1000",540|1000
case-ih-magnum-385-rowtrac-2025-au,TRUE,,AU,,,,,,,Case IH Magnum 385 Rowtrac,Case IH,USA,2025,385,417,435,,"PowerDrive, CVXDrive",Full powershift|CVT / IVT / EVT,Mixed (CVT + stepped),40,6,40,3150,16329,,,,223 / 327,327,6 Rear ? Front,9026,4275,8.7,6,FPT,Semi-active Hydraulic,617 (CVXDrive),Tier 2,99,"540, 1000",540|1000
case-ih-magnum-405-2025-au,TRUE,,AU,,,,,,,Case IH Magnum 405,Case IH,USA,2025,405,435,435,,PowerDrive,Full powershift,Powershift / Semi-powershift,50,6,50,3150,14148,18000,18000,18000,225 / 327,327,6 Rear ? Front,9026,4275,8.7,6,FPT,Semi-active Hydraulic,678 (PowerDrive),Tier 2,99,"540, 1000",540|1000
case-ih-magnum-405-rowtrac-2025-au,TRUE,,AU,,,,,,,Case IH Magnum 405 Rowtrac,Case IH,USA,2025,405,435,435,,PowerDrive,Full powershift,Powershift / Semi-powershift,40,6,40,3150,16329,,,,223 / 327,327,6 Rear ? Front,9026,4275,8.7,6,FPT,Semi-active Hydraulic,678 (PowerDrive),Tier 2,99,"540, 1000",540|1000
case-ih-steiger-425-wheeled-2025-au,TRUE,,AU,,,,,,,Case IH Steiger 425 Wheeled,Case IH,USA,2025,425,467,,,"PowerDrive, CVTDrive",Full powershift|CVT / IVT / EVT,Mixed (CVT + stepped),40,6,40,3759,18507,25401,,,216 / 428,428,Up to 8 Rear,9935,,12.9,6,FPT,Optional Mechanical,1170,Tier 2,,1000,1000
case-ih-steiger-475-wheeled-2025-au,TRUE,,AU,,,,,,,Case IH Steiger 475 Wheeled,Case IH,USA,2025,475,522,,,"PowerDrive, CVTDrive",Full powershift|CVT / IVT / EVT,Mixed (CVT + stepped),40,6,40,3759,18507,25401,,,216 / 428,428,Up to 8 Rear,9935,,12.9,6,FPT,Optional Mechanical,1170,Tier 2,,1000,1000
case-ih-steiger-525-wheeled-2025-au,TRUE,,AU,,,,,,,Case IH Steiger 525 Wheeled,Case IH,USA,2025,525,578,,,"PowerDrive, CVTDrive",Full powershift|CVT / IVT / EVT,Mixed (CVT + stepped),40,6,40,3759,18507,25401,,,216 / 428,428,Up to 8 Rear,9935,,12.9,6,FPT,Optional Mechanical,1170,Tier 2,,1000,1000
case-ih-steiger-555-wheeled-2025-au,TRUE,,AU,,,,,,,Case IH Steiger 555 Wheeled,Case IH,USA,2025,555,614,,,"PowerDrive, CVTDrive",Full powershift|CVT / IVT / EVT,Mixed (CVT + stepped),40,6,40,3912,21012,27215,,,216 / 428,428,Up to 8 Rear,10309,,12.9,6,FPT,Optional Mechanical,1722,Tier 2,,1000,1000
case-ih-steiger-595-wheeled-2025-au,TRUE,,AU,,,,,,,Case IH Steiger 595 Wheeled,Case IH,USA,2025,595,656,,,PowerDrive,Full powershift,Powershift / Semi-powershift,40,6,40,3912,22828,30390,,,216 / 428,428,Up to 8 Rear,10309,,12.9,6,FPT,Optional Mechanical,1722,Tier 2,,1000,1000
case-ih-steiger-645-wheeled-2025-au,TRUE,,AU,,,,,,,Case IH Steiger 645 Wheeled,Case IH,USA,2025,645,699,,,PowerDrive,Full powershift,Powershift / Semi-powershift,40,6,40,3912,22828,30390,,,216 / 428,428,Up to 8 Rear,10309,,12.9,6,FPT,Optional Mechanical,1722,Tier 2,,1000,1000
case-ih-steiger-425-rowtrac-2025-au,TRUE,,AU,,,,,,,Case IH Steiger 425 Rowtrac,Case IH,USA,2025,425,467,,,"PowerDrive, CVTDrive",Full powershift|CVT / IVT / EVT,Mixed (CVT + stepped),40,6,40,4064,23678,29484,,,216 / 428,428,Up to 8 Rear,9935,,12.9,6,FPT,Mechanical,1287,Tier 2,,1000,1000
case-ih-steiger-475-rowtrac-2025-au,TRUE,,AU,,,,,,,Case IH Steiger 475 Rowtrac,Case IH,USA,2025,475,522,,,"PowerDrive, CVTDrive",Full powershift|CVT / IVT / EVT,Mixed (CVT + stepped),40,6,40,4064,23678,29484,,,216 / 428,428,Up to 8 Rear,9935,,12.9,6,FPT,Mechanical,1287,Tier 2,,1000,1000
case-ih-steiger-525-rowtrac-2025-au,TRUE,,AU,,,,,,,Case IH Steiger 525 Rowtrac,Case IH,USA,2025,525,578,,,"PowerDrive, CVTDrive",Full powershift|CVT / IVT / EVT,Mixed (CVT + stepped),40,6,40,4064,23678,29484,,,216 / 428,428,Up to 8 Rear,9935,,12.9,6,FPT,Mechanical,1287,Tier 2,,1000,1000
case-ih-steiger-475-quadtrac-2025-au,TRUE,,AU,,,,,,,Case IH Steiger 475 Quadtrac,Case IH,USA,2025,475,522,,,"PowerDrive, CVTDrive",Full powershift|CVT / IVT / EVT,Mixed (CVT + stepped),43,6,43,3912,23358,30390 / 31751 (HDS),,,216 / 428,428,Up to 8 Rear,10092,,12.9,6,FPT,Mechanical,1779,Tier 2,,1000,1000
case-ih-steiger-525-quadtrac-2025-au,TRUE,,AU,,,,,,,Case IH Steiger 525 Quadtrac,Case IH,USA,2025,525,578,,,"PowerDrive, CVTDrive",Full powershift|CVT / IVT / EVT,Mixed (CVT + stepped),43,6,43,3912,23358,30390 / 31751 (HDS),,,216 / 428,428,Up to 8 Rear,10092,,12.9,6,FPT,Mechanical,1779,Tier 2,,1000,1000
case-ih-steiger-555-quadtrac-2025-au,TRUE,,AU,,,,,,,Case IH Steiger 555 Quadtrac,Case IH,USA,2025,555,614,,,"PowerDrive, CVTDrive",Full powershift|CVT / IVT / EVT,Mixed (CVT + stepped),43,6,43,3912,25038,30390 / 31751 (HDS),,,216 / 428,428,Up to 8 Rear,10092,,12.9,6,FPT,Mechanical,1779,Tier 2,,1000,1000
case-ih-steiger-595-quadtrac-2025-au,TRUE,,AU,,,,,,,Case IH Steiger 595 Quadtrac,Case IH,USA,2025,595,656,,,PowerDrive,Full powershift,Powershift / Semi-powershift,43,6,43,3912,25764,30390 / 31751 (HDS),,,216 / 428,428,Up to 8 Rear,10092,,12.9,6,FPT,Mechanical,1779,Tier 2,,1000,1000
case-ih-steiger-645-quadtrac-2025-au,TRUE,,AU,,,,,,,Case IH Steiger 645 Quadtrac,Case IH,USA,2025,645,699,,,PowerDrive,Full powershift,Powershift / Semi-powershift,43,6,43,3912,25764,30390 / 31751 (HDS),,,216 / 428,428,Up to 8 Rear,10092,,12.9,6,FPT,Mechanical,1779,Tier 2,,1000,1000
case-ih-steiger-715-quadtrac-2025-au,TRUE,,AU,,,,,,,Case IH Steiger 715 Quadtrac,Case IH,USA,2025,715,778,,,PowerDrive,Full powershift,Powershift / Semi-powershift,43,6,43,3912,27760,32659,,,216 / 428,428,Up to 8 Rear,10092,,15.9,6,FPT,Mechanical,1968,Tier 2,,1000,1000
case-ih-steiger-785-quadtrac-2025-au,TRUE,,AU,,,,,,,Case IH Steiger 785 Quadtrac,Case IH,USA,2025,785,853,,,PowerDrive,Full powershift,Powershift / Semi-powershift,43,6,43,3912,27760,32659,,,216 / 428,428,Up to 8 Rear,10092,,15.9,6,FPT,Mechanical,1968,Tier 2,,1000,1000
massey-ferguson-5s-105-2025-au,TRUE,,AU,,,,,,,Massey Ferguson 5S.105,Massey Ferguson,France,2025,105,105,,440,"Dyna-4, Dyna-6",Semi-powershift,Powershift / Semi-powershift,40,4,40,2550,5300,9500,,,58 / 100 / 110,110,4,,3000,4.4,4,AGCO Power,optional mechanical,200,Stage V,20,"540E, 540, 1000",540E|540|1000
massey-ferguson-5s-115-2025-au,TRUE,,AU,,,,,,,Massey Ferguson 5S.115,Massey Ferguson,France,2025,115,115,,460,"Dyna-4, Dyna-6",Semi-powershift,Powershift / Semi-powershift,40,4,40,2550,5300,9500,,,58 / 100 / 110,110,4,,3000,4.4,4,AGCO Power,optional mechanical,200,Stage V,20,"540E, 540, 1000",540E|540|1000
massey-ferguson-5s-125-2025-au,TRUE,,AU,,,,,,,Massey Ferguson 5S.125,Massey Ferguson,France,2025,125,125,,520,"Dyna-4, Dyna-6",Semi-powershift,Powershift / Semi-powershift,40,4,40,2550,5300,9500,,,58 / 100 / 110,110,4,,3000,4.4,4,AGCO Power,optional mechanical,200,Stage V,20,"540E, 540, 1000",540E|540|1000
massey-ferguson-5s-135-2025-au,TRUE,,AU,,,,,,,Massey Ferguson 5S.135,Massey Ferguson,France,2025,135,135,,540,"Dyna-4, Dyna-6",Semi-powershift,Powershift / Semi-powershift,40,4,40,2550,5300,9500,,,58 / 100 / 110,110,4,,3000,4.4,4,AGCO Power,optional mechanical,200,Stage V,20,"540E, 540, 1000",540E|540|1000
massey-ferguson-5s-145-2025-au,TRUE,,AU,,,,,,,Massey Ferguson 5S.145,Massey Ferguson,France,2025,145,145,,550,"Dyna-4, Dyna-6",Semi-powershift,Powershift / Semi-powershift,40,4,40,2550,5300,9500,,,58 / 100 / 110,110,4,,3000,4.4,4,AGCO Power,optional mechanical,200,Stage V,20,"540E, 540, 1000",540E|540|1000
massey-ferguson-6s-135-2025-au,TRUE,,AU,,,,,,,Massey Ferguson 6S.135,Massey Ferguson,France,2025,135,135,150,650,"Dyna-6, Dyna-VT",Semi-powershift|CVT / IVT / EVT,Mixed (CVT + stepped),50,4,50,2670,6300,12500,12500,,110 / 150 / 190,190,5 + 2,,3200,4.9,4,AGCO Power,optional mechanical,280,Stage V,35,540/1000 or 540/540E/1000/1000E,540E|540|1000E|1000
massey-ferguson-6s-145-2025-au,TRUE,,AU,,,,,,,Massey Ferguson 6S.145,Massey Ferguson,France,2025,145,145,160,700,"Dyna-6, Dyna-VT",Semi-powershift|CVT / IVT / EVT,Mixed (CVT + stepped),50,4,50,2670,6300,12500,12500,,110 / 150 / 190,190,5 + 2,,3200,4.9,4,AGCO Power,optional mechanical,280,Stage V,35,540/1000 or 540/540E/1000/1000E,540E|540|1000E|1000
massey-ferguson-6s-155-2025-au,TRUE,,AU,,,,,,,Massey Ferguson 6S.155,Massey Ferguson,France,2025,155,155,175,750,"Dyna-6, Dyna-VT",Semi-powershift|CVT / IVT / EVT,Mixed (CVT + stepped),50,4,50,2670,6300,12500,12500,,110 / 150 / 190,190,5 + 2,,3200,4.9,4,AGCO Power,optional mechanical,280,Stage V,35,540/1000 or 540/540E/1000/1000E,540E|540|1000E|1000
massey-ferguson-6s-165-2025-au,TRUE,,AU,,,,,,,Massey Ferguson 6S.165,Massey Ferguson,France,2025,165,165,185,800,"Dyna-6, Dyna-VT",Semi-powershift|CVT / IVT / EVT,Mixed (CVT + stepped),50,4,50,2670,6300,12500,12500,,110 / 150 / 190,190,5 + 2,,3200,4.9,4,AGCO Power,optional mechanical,280,Stage V,35,540/1000 or 540/540E/1000/1000E,540E|540|1000E|1000
massey-ferguson-6s-180-2025-au,TRUE,,AU,,,,,,,Massey Ferguson 6S.180,Massey Ferguson,France,2025,180,180,200,840,"Dyna-6, Dyna-VT",Semi-powershift|CVT / IVT / EVT,Mixed (CVT + stepped),50,4,50,2670,6300,12500,12500,,110 / 150 / 190,190,5 + 2,,3200,4.9,4,AGCO Power,optional mechanical,280,Stage V,35,540/1000 or 540/540E/1000/1000E,540E|540|1000E|1000
massey-ferguson-7s-145-2025-au,TRUE,,AU,,,,,,,Massey Ferguson 7S.145,Massey Ferguson,France,2025,145,145,165,700,"Dyna-6, Dyna-VT",Semi-powershift|CVT / IVT / EVT,Mixed (CVT + stepped),50,6,50,2880,7000,12500,12500,,110 / 150 / 190,190,5 + 2,,"3200, 4000",6.6,6,AGCO Power,optional mechanical,305,Tier 2,,540/1000 or 540/540E/1000/1000E,540E|540|1000E|1000
massey-ferguson-7s-155-2025-au,TRUE,,AU,,,,,,,Massey Ferguson 7S.155,Massey Ferguson,France,2025,155,155,175,750,"Dyna-6, Dyna-VT",Semi-powershift|CVT / IVT / EVT,Mixed (CVT + stepped),50,6,50,2880,7000,12500,12500,,110 / 150 / 190,190,5 + 2,,"3200, 4000",6.6,6,AGCO Power,optional mechanical,305,Tier 2,,540/1000 or 540/540E/1000/1000E,540E|540|1000E|1000
massey-ferguson-7s-165-2025-au,TRUE,,AU,,,,,,,Massey Ferguson 7S.165,Massey Ferguson,France,2025,165,165,185,800,"Dyna-6, Dyna-VT",Semi-powershift|CVT / IVT / EVT,Mixed (CVT + stepped),50,6,50,2880,7000,12500,12500,,110 / 150 / 190,190,5 + 2,,"3200, 4000",6.6,6,AGCO Power,optional mechanical,305,Tier 2,,540/1000 or 540/540E/1000/1000E,540E|540|1000E|1000
massey-ferguson-7s-180-2025-au,TRUE,,AU,,,,,,,Massey Ferguson 7S.180,Massey Ferguson,France,2025,180,180,210,860,"Dyna-6, Dyna-VT",Semi-powershift|CVT / IVT / EVT,Mixed (CVT + stepped),50,6,50,2880,7000,14000,14000,,110 / 150 / 190,190,5 + 2,,"3200, 4000",6.6,6,AGCO Power,optional mechanical,305,Tier 2,,540/1000 or 540/540E/1000/1000E,540E|540|1000E|1000
massey-ferguson-7s-190-2025-au,TRUE,,AU,,,,,,,Massey Ferguson 7S.190,Massey Ferguson,France,2025,190,190,220,925,Dyna-VT,CVT / IVT / EVT,CVT / IVT / EVT,50,6,50,2880,7000,14000,14000,,110 / 150 / 190,190,5 + 2,,"3200, 4000",6.6,6,AGCO Power,optional mechanical,305,Tier 2,,540/1000 or 540/540E/1000/1000E,540E|540|1000E|1000
massey-ferguson-7s-210-2025-au,TRUE,,AU,,,,,,,Massey Ferguson 7S.210,Massey Ferguson,France,2025,210,210,220,925,Dyna-VT,CVT / IVT / EVT,CVT / IVT / EVT,50,6,50,2880,7000,14000,14000,,110 / 150 / 190,190,5 + 2,,"3200, 4000",6.6,6,AGCO Power,optional mechanical,305,Tier 2,,540/1000 or 540/540E/1000/1000E,540E|540|1000E|1000
massey-ferguson-8s-205-xtra-2025-au,TRUE,,AU,,,,,,,Massey Ferguson 8S.205 Xtra,Massey Ferguson,France,2025,205,205,225,950,"Dyna-7, Dyna-VT",Semi-powershift|CVT / IVT / EVT,Mixed (CVT + stepped),50,6,50,3050,10000,16000,16000,,150 / 110 / 205 / 270,270,5 + 2,,4800,7.4,6,AGCO Power,"Active mechanical in base, optional mechanical","460, 500",Stage V,43,540E/1000 or 540/540E/1000/1000E,540E|540|1000E|1000
massey-ferguson-8s-225-xtra-2025-au,TRUE,,AU,,,,,,,Massey Ferguson 8S.225 Xtra,Massey Ferguson,France,2025,225,225,245,1000,"Dyna-7, Dyna-VT",Semi-powershift|CVT / IVT / EVT,Mixed (CVT + stepped),50,6,50,3050,10000,16000,16000,,150 / 110 / 205 / 270,270,5 + 2,,4800,7.4,6,AGCO Power,"Active mechanical in base, optional mechanical","460, 500",Stage V,43,540E/1000 or 540/540E/1000/1000E,540E|540|1000E|1000
massey-ferguson-8s-245-xtra-2025-au,TRUE,,AU,,,,,,,Massey Ferguson 8S.245 Xtra,Massey Ferguson,France,2025,245,245,265,1100,"Dyna-7, Dyna-VT",Semi-powershift|CVT / IVT / EVT,Mixed (CVT + stepped),50,6,50,3050,10000,16000,16000,,150 / 110 / 205 / 270,270,5 + 2,,4800,7.4,6,AGCO Power,"Active mechanical in base, optional mechanical","460, 500",Stage V,43,540E/1000 or 540/540E/1000/1000E,540E|540|1000E|1000
massey-ferguson-8s-265-xtra-2025-au,TRUE,,AU,,,,,,,Massey Ferguson 8S.265 Xtra,Massey Ferguson,France,2025,265,265,285,1200,"Dyna-7, Dyna-VT",Semi-powershift|CVT / IVT / EVT,Mixed (CVT + stepped),50,6,50,3050,10000,16000,16000,,150 / 110 / 205 / 270,270,5 + 2,,4800,7.4,6,AGCO Power,"Active mechanical in base, optional mechanical","460, 500",Stage V,43,540E/1000 or 540/540E/1000/1000E,540E|540|1000E|1000
massey-ferguson-8s-285-xtra-2025-au,TRUE,,AU,,,,,,,Massey Ferguson 8S.285 Xtra,Massey Ferguson,France,2025,285,285,305,1260,Dyna-VT,CVT / IVT / EVT,CVT / IVT / EVT,50,6,50,3050,10000,16000,16000,,150 / 110 / 205 / 270,270,5 + 2,,4800,7.4,6,AGCO Power,"Active mechanical in base, optional mechanical","460, 500",Stage V,43,540E/1000 or 540/540E/1000/1000E,540E|540|1000E|1000
massey-ferguson-8s-305-xtra-2025-au,TRUE,,AU,,,,,,,Massey Ferguson 8S.305 Xtra,Massey Ferguson,France,2025,305,305,305,1280,Dyna-VT,CVT / IVT / EVT,CVT / IVT / EVT,50,6,50,3050,10000,16000,16000,,150 / 110 / 205 / 270,270,5 + 2,,4800,7.4,6,AGCO Power,"Active mechanical in base, optional mechanical","460, 500",Stage V,43,540E/1000 or 540/540E/1000/1000E,540E|540|1000E|1000
massey-ferguson-9s-285-2025-au,TRUE,,AU,,,,,,,Massey Ferguson 9S.285,Massey Ferguson,France,2025,285,285,315,1250,Dyna-VT,CVT / IVT / EVT,CVT / IVT / EVT,50,6,50,3100,12000,18000,16000,,205 / 340,340,6 + 2,,5000,8.4,6,AGCO Power,Active mechanical in base,660,Stage V,68,540E/1000 or 1000/1000E,540E|540|1000E|1000
massey-ferguson-9s-310-2025-au,TRUE,,AU,,,,,,,Massey Ferguson 9S.310,Massey Ferguson,France,2025,310,310,340,1300,Dyna-VT,CVT / IVT / EVT,CVT / IVT / EVT,50,6,50,3100,12000,18000,16000,,205 / 340,340,6 + 2,,5000,8.4,6,AGCO Power,Active mechanical in base,660,Stage V,68,540E/1000 or 1000/1000E,540E|540|1000E|1000
massey-ferguson-9s-340-2025-au,TRUE,,AU,,,,,,,Massey Ferguson 9S.340,Massey Ferguson,France,2025,340,340,370,1450,Dyna-VT,CVT / IVT / EVT,CVT / IVT / EVT,50,6,50,3100,12000,18000,16000,,205 / 340,340,6 + 2,,5000,8.4,6,AGCO Power,Active mechanical in base,660,Stage V,68,540E/1000 or 1000/1000E,540E|540|1000E|1000
massey-ferguson-9s-370-2025-au,TRUE,,AU,,,,,,,Massey Ferguson 9S.370,Massey Ferguson,France,2025,370,370,400,1600,Dyna-VT,CVT / IVT / EVT,CVT / IVT / EVT,50,6,50,3100,12000,18000,16000,,205 / 340,340,6 + 2,,5000,8.4,6,AGCO Power,Active mechanical in base,660,Stage V,68,540E/1000 or 1000/1000E,540E|540|1000E|1000
massey-ferguson-9s-400-2025-au,TRUE,,AU,,,,,,,Massey Ferguson 9S.400,Massey Ferguson,France,2025,400,400,420,1650,Dyna-VT,CVT / IVT / EVT,CVT / IVT / EVT,50,6,50,3100,12000,18000,16000,,205 / 340,340,6 + 2,,5000,8.4,6,AGCO Power,Active mechanical in base,660,Stage V,68,540E/1000 or 1000/1000E,540E|540|1000E|1000
massey-ferguson-9s-425-2025-au,TRUE,,AU,,,,,,,Massey Ferguson 9S.425,Massey Ferguson,France,2025,425,425,,1750,Dyna-VT,CVT / IVT / EVT,CVT / IVT / EVT,50,6,50,3100,12000,18000,16000,,205 / 340,340,6 + 2,,5000,8.4,6,AGCO Power,Active mechanical in base,660,Stage V,68,540E/1000 or 1000/1000E,540E|540|1000E|1000
fendt-614-vario-2025-au,TRUE,,AU,,,,,,,Fendt 614 Vario,Fendt,Germany,2025,149,149,164,793,VarioDrive CVT,CVT / IVT / EVT,CVT / IVT / EVT,50,4,50,2720,7620,13500,13500,,152 / 205,205,5 Rear + 3 Mid + 2 Front,,4418,5,4,AGCO Power,Standard / Optional pneumatic,347,Stage V,36,"540E, 540, 1000, 1000E",540E|540|1000E|1000
fendt-616-vario-2025-au,TRUE,,AU,,,,,,,Fendt 616 Vario,Fendt,Germany,2025,169,169,184,861,VarioDrive CVT,CVT / IVT / EVT,CVT / IVT / EVT,50,4,50,2720,7620,13500,13500,,152 / 205,205,5 Rear + 3 Mid + 2 Front,,4418,5,4,AGCO Power,Standard / Optional pneumatic,347,Stage V,36,"540E, 540, 1000, 1000E",540E|540|1000E|1000
fendt-618-vario-2025-au,TRUE,,AU,,,,,,,Fendt 618 Vario,Fendt,Germany,2025,189,189,204,904,VarioDrive CVT,CVT / IVT / EVT,CVT / IVT / EVT,50,4,50,2720,7620,13500,13500,,152 / 205,205,5 Rear + 3 Mid + 2 Front,,4418,5,4,AGCO Power,Standard / Optional pneumatic,347,Stage V,36,"540E, 540, 1000, 1000E",540E|540|1000E|1000
fendt-620-vario-2025-au,TRUE,,AU,,,,,,,Fendt 620 Vario,Fendt,Germany,2025,209,209,224,950,VarioDrive CVT,CVT / IVT / EVT,CVT / IVT / EVT,50,4,50,2720,7740,13500,13500,,152 / 205,205,5 Rear + 3 Mid + 2 Front,,4418,5,4,AGCO Power,Standard / Optional pneumatic,347,Stage V,36,"540E, 540, 1000, 1000E",540E|540|1000E|1000
fendt-720-vario-gen7-2025-au,TRUE,,AU,,,,,,,Fendt 720 Vario Gen7,Fendt,Germany,2025,203,203,203,1090,VarioDrive CVT,CVT / IVT / EVT,CVT / IVT / EVT,50,6,50,2900,8350,15000,15000,15000,165 / 220,220,5 Rear + 3 Mid + 2 Front,,,7.5,6,AGCO Power,Pneumatic / Comfort pneumatic,450 / 484,Stage V,48,540/540E/1000/1000E,540E|540|1000E|1000
fendt-722-vario-gen7-2025-au,TRUE,,AU,,,,,,,Fendt 722 Vario Gen7,Fendt,Germany,2025,223,223,223,1150,VarioDrive CVT,CVT / IVT / EVT,CVT / IVT / EVT,50,6,50,2900,8350,15000,15000,15000,165 / 220,220,5 Rear + 3 Mid + 2 Front,,,7.5,6,AGCO Power,Pneumatic / Comfort pneumatic,450 / 484,Stage V,48,540/540E/1000/1000E,540E|540|1000E|1000
fendt-724-vario-gen7-2025-au,TRUE,,AU,,,,,,,Fendt 724 Vario Gen7,Fendt,Germany,2025,243,243,243,1220,VarioDrive CVT,CVT / IVT / EVT,CVT / IVT / EVT,50,6,50,2900,8350,15000,15000,15000,165 / 220,220,5 Rear + 3 Mid + 2 Front,,,7.5,6,AGCO Power,Pneumatic / Comfort pneumatic,450 / 484,Stage V,48,540/540E/1000/1000E,540E|540|1000E|1000
fendt-726-vario-gen7-2025-au,TRUE,,AU,,,,,,,Fendt 726 Vario Gen7,Fendt,Germany,2025,262,262,262,1318,VarioDrive CVT,CVT / IVT / EVT,CVT / IVT / EVT,60,6,60,2900,8750,15000,15000,15000,165 / 220,220,5 Rear + 3 Mid + 2 Front,,,7.5,6,AGCO Power,Pneumatic / Comfort pneumatic,450 / 484,Stage V,48,540/540E/1000/1000E,540E|540|1000E|1000
fendt-728-vario-gen7-2025-au,TRUE,,AU,,,,,,,Fendt 728 Vario Gen7,Fendt,Germany,2025,283,283,303,1450,VarioDrive CVT,CVT / IVT / EVT,CVT / IVT / EVT,60,6,60,2900,8750,15000,15000,15000,165 / 220,220,5 Rear + 3 Mid + 2 Front,,,7.5,6,AGCO Power,Pneumatic / Comfort pneumatic,450 / 484,Stage V,48,540/540E/1000/1000E,540E|540|1000E|1000
fendt-826-vario-gen5-2025-au,TRUE,,AU,,,,,,,Fendt 826 Vario Gen5,Fendt,Germany,2025,260,260,283,1450,VarioDrive CVT,CVT / IVT / EVT,CVT / IVT / EVT,60,6,60,3020,9900,17500,17500,16000,165 / 220 or 165 + 220,220,6 Rear + 0 Mid + 2 Front,7780,,8,6,AGCO Power,Pneumatic,540,Stage V,65,540/540E/1000/1000E,540E|540|1000E|1000
fendt-829-vario-gen5-2025-au,TRUE,,AU,,,,,,,Fendt 829 Vario Gen5,Fendt,Germany,2025,290,290,313,1550,VarioDrive CVT,CVT / IVT / EVT,CVT / IVT / EVT,60,6,60,3020,9900,17500,17500,16000,165 / 220 or 165 + 220,220,6 Rear + 0 Mid + 2 Front,7780,,8,6,AGCO Power,Pneumatic,540,Stage V,65,540/540E/1000/1000E,540E|540|1000E|1000
fendt-832-vario-gen5-2025-au,TRUE,,AU,,,,,,,Fendt 832 Vario Gen5,Fendt,Germany,2025,320,320,343,1680,VarioDrive CVT,CVT / IVT / EVT,CVT / IVT / EVT,60,6,60,3020,9900,17500,17500,16000,165 / 220 or 165 + 220,220,6 Rear + 0 Mid + 2 Front,7780,,8,6,AGCO Power,Pneumatic,540,Stage V,65,540/540E/1000/1000E,540E|540|1000E|1000
fendt-930-vario-2025-au,TRUE,,AU,,,,,,,Fendt 930 Vario,Fendt,Germany,2025,296,296,,1550,VarioDrive CVT,CVT / IVT / EVT,CVT / IVT / EVT,60,6,60,3150,11300,20000,19000,17000,165 / 220 or 220 + 210,220,6 Rear + 0 Mid + 2 Front,,,9,6,MAN,Pneumatic,625,Stage V,70,540E/1000 or 1000/1000E,540E|540|1000E|1000
fendt-933-vario-2025-au,TRUE,,AU,,,,,,,Fendt 933 Vario,Fendt,Germany,2025,326,326,,1650,VarioDrive CVT,CVT / IVT / EVT,CVT / IVT / EVT,60,6,60,3150,11300,20000,19000,17000,166 / 220 or 220 + 210,220,6 Rear + 0 Mid + 2 Front,,,9,6,MAN,Pneumatic,625,Stage V,70,540E/1000 or 1000/1000E,540E|540|1000E|1000
fendt-936-vario-2025-au,TRUE,,AU,,,,,,,Fendt 936 Vario,Fendt,Germany,2025,355,355,,1750,VarioDrive CVT,CVT / IVT / EVT,CVT / IVT / EVT,60,6,60,3150,11400,20000,19000,17000,167 / 220 or 220 + 210,220,6 Rear + 0 Mid + 2 Front,,,9,6,MAN,Pneumatic,625,Stage V,70,540E/1000 or 1000/1000E,540E|540|1000E|1000
fendt-939-vario-2025-au,TRUE,,AU,,,,,,,Fendt 939 Vario,Fendt,Germany,2025,385,385,,1850,VarioDrive CVT,CVT / IVT / EVT,CVT / IVT / EVT,60,6,60,3150,11400,20000,19000,17000,168 / 220 or 220 + 210,220,6 Rear + 0 Mid + 2 Front,,,9,6,MAN,Pneumatic,625,Stage V,70,540E/1000 or 1000/1000E,540E|540|1000E|1000
fendt-942-vario-2025-au,TRUE,,AU,,,,,,,Fendt 942 Vario,Fendt,Germany,2025,415,415,,1970,VarioDrive CVT,CVT / IVT / EVT,CVT / IVT / EVT,60,6,60,3150,11780,20000,19000,17000,169 / 220 or 220 + 210,220,6 Rear + 0 Mid + 2 Front,,,9,6,MAN,Pneumatic,625,Stage V,70,540E/1000 or 1000/1000E,540E|540|1000E|1000
fendt-1040-vario-gen4-2025-au,TRUE,,AU,,,,,,,Fendt 1040 Vario Gen4,Fendt,Germany,2025,400,400,426,2090,VarioDrive CVT,CVT / IVT / EVT,CVT / IVT / EVT,60,6,60,3300,14000,21000,21000,18000,220 / 430,430,6 Rear + 0 Mid + 1 Front,9979,5688,12.4,6,MAN,Pneumatic,740,Stage V,79,1000/1000E,1000E|1000
fendt-1044-vario-gen4-2025-au,TRUE,,AU,,,,,,,Fendt 1044 Vario Gen4,Fendt,Germany,2025,440,440,466,2280,VarioDrive CVT,CVT / IVT / EVT,CVT / IVT / EVT,60,6,60,3300,14000,21000,21000,18000,220 / 430,430,6 Rear + 0 Mid + 1 Front,9979,5688,12.4,6,MAN,Pneumatic,740,Stage V,79,1000/1000E,1000E|1000
fendt-1048-vario-gen4-2025-au,TRUE,,AU,,,,,,,Fendt 1048 Vario Gen4,Fendt,Germany,2025,480,480,507,2470,VarioDrive CVT,CVT / IVT / EVT,CVT / IVT / EVT,60,6,60,3300,14000,21000,21000,18000,220 / 430,430,6 Rear + 0 Mid + 1 Front,9979,5688,12.4,6,MAN,Pneumatic,740,Stage V,79,1000/1000E,1000E|1000
fendt-1052-vario-gen4-2025-au,TRUE,,AU,,,,,,,Fendt 1052 Vario Gen4,Fendt,Germany,2025,520,520,550,2650,VarioDrive CVT,CVT / IVT / EVT,CVT / IVT / EVT,60,6,60,3300,14000,21000,21000,18000,220 / 430,430,6 Rear + 0 Mid + 1 Front,9979,5688,12.4,6,MAN,Pneumatic,740,Stage V,79,1000/1000E,1000E|1000
fendt-1151-vario-mt-2025-au,TRUE,,AU,,,,,,,Fendt 1151 Vario MT,Fendt,USA,2025,511,511,,2500,VarioDrive CVT,CVT / IVT / EVT,CVT / IVT / EVT,40,6,40,3000,18805,27000,,,220 / 440,440,8 Rear,9072,,15.2,6,MAN,Standard / Optional cab suspension,1320,Stage V,135,"1000, 1000E",1000E|1000
fendt-1156-vario-mt-2025-au,TRUE,,AU,,,,,,,Fendt 1156 Vario MT,Fendt,USA,2025,564,564,,2700,VarioDrive CVT,CVT / IVT / EVT,CVT / IVT / EVT,40,6,40,3000,18805,27000,,,220 / 440,440,8 Rear,9072,,15.2,6,MAN,Standard / Optional cab suspension,1320,Stage V,135,"1000, 1000E",1000E|1000
fendt-1162-vario-mt-2025-au,TRUE,,AU,,,,,,,Fendt 1162 Vario MT,Fendt,USA,2025,618,618,,2900,VarioDrive CVT,CVT / IVT / EVT,CVT / IVT / EVT,40,6,40,3000,18805,27000,,,220 / 440,440,8 Rear,9072,,15.2,6,MAN,Standard / Optional cab suspension,1320,Stage V,135,"1000, 1000E",1000E|1000
fendt-1167-vario-mt-2025-au,TRUE,,AU,,,,,,,Fendt 1167 Vario MT,Fendt,USA,2025,673,673,,3100,VarioDrive CVT,CVT / IVT / EVT,CVT / IVT / EVT,40,6,40,3000,18805,27000,,,220 / 440,440,8 Rear,9072,,15.2,6,MAN,Standard / Optional cab suspension,1320,Stage V,135,"1000, 1000E",1000E|1000
new-holland-t5-100-dual-command-2025-au,TRUE,,AU,,,,,,,New Holland T5.100 Dual Command,New Holland,Italy,2025,101,101,,450,Dual Command™ Powershift,Full powershift,Powershift / Semi-powershift,40,4,40,2350,4100,7000,,,64 / 82,82,3 + 2,3334,1670,3.6,4,FPT Industrial,Optional Comfort Ride™,130,Stage V,,"540, 540E, 1000",540E|540|1000
new-holland-t5-120-dual-command-2025-au,TRUE,,AU,,,,,,,New Holland T5.120 Dual Command,New Holland,Italy,2025,117,117,,506,Dual Command™ Powershift,Full powershift,Powershift / Semi-powershift,40,4,40,2350,4100,7000,,,64 / 82,82,3 + 2,3667,1670,3.6,4,FPT Industrial,Optional Comfort Ride™,130,Stage V,,"540, 540E, 1000",540E|540|1000
new-holland-t5-120-auto-command-2025-au,TRUE,,AU,,,,,,,New Holland T5.120 Auto Command,New Holland,Italy,2025,110,120,,551,Auto Command™ continuously variable transmission (CVT),CVT / IVT / EVT,CVT / IVT / EVT,40,4,40,2490,5500,8800,,,110,110,4 + 3,4693,2250,4.5,4,FPT Industrial,Comfort Ride™ cab suspension,180,Stage V,19,540/1000 or 540/540E/1000 or 540E/1000/1000E,540E|540|1000E|1000
new-holland-t5-140-auto-command-2025-au,TRUE,,AU,,,,,,,New Holland T5.140 Auto Command,New Holland,Italy,2025,130,140,,630,Auto Command™ continuously variable transmission (CVT),CVT / IVT / EVT,CVT / IVT / EVT,40,4,40,2490,5500,8800,,,110,110,4 + 3,4693,2250,4.5,4,FPT Industrial,Comfort Ride™ cab suspension,180,Stage V,19,540/1000 or 540/540E/1000 or 540E/1000/1000E,540E|540|1000E|1000
new-holland-t6-145-2025-au,TRUE,,AU,,,,,,,New Holland T6.145,New Holland,UK,2025,116,125,145,590,"Dynamic Command™ 24x24, Auto Command™ CVT",Semi-powershift|CVT / IVT / EVT,Mixed (CVT + stepped),50,4,50,2642,6000,10000,10000,,150,150,5 + 3,5254,3200,4.5,4,FPT Industrial,Comfort Ride™ cab suspension,197.5,Stage V,39.5,540/540E/1000,540E|540|1000
new-holland-t6-165-2025-au,TRUE,,AU,,,,,,,New Holland T6.165,New Holland,UK,2025,135,145,169,700,"Dynamic Command™ 24x24, Auto Command™ CVT",Semi-powershift|CVT / IVT / EVT,Mixed (CVT + stepped),50,4,50,2642,6000,10000,10000,,150,150,5 + 3,5254,3200,4.5,4,FPT Industrial,Comfort Ride™ cab suspension,197.5,Stage V,39.5,540/540E/1000,540E|540|1000
new-holland-t6-180-2025-au,TRUE,,AU,,,,,,,New Holland T6.180,New Holland,UK,2025,145,158,175,738,"Dynamic Command™ 24x24, Auto Command™ CVT",Semi-powershift|CVT / IVT / EVT,Mixed (CVT + stepped),50,6,50,2642,6000,10000,10000,,150,150,5 + 3,5254,3200,6.7,6,FPT Industrial,Comfort Ride™ cab suspension,197.5,Stage V,39.5,540/540E/1000,540E|540|1000
new-holland-t7-175-2024-au,TRUE,,AU,,,,,,,New Holland T7.175,New Holland,UK,2024,140,155,175,750,Range Command™ semi-powershift; Power Command™ full powershift; Auto Command™ CVT,Semi-powershift|Full powershift|CVT / IVT / EVT,Mixed (CVT + stepped),50,6,50,2789,6800,11500,11500,,113 / 140 / 160,160,5 + 3,6616,3568,6.7,6,FPT Industrial,Optional Comfort Ride™,330,Tier 4B / Stage 4,48,540/1000 or 540/540E/1000 or 540E/1000/1000E,540E|540|1000E|1000
new-holland-t7-190-2024-au,TRUE,,AU,,,,,,,New Holland T7.190,New Holland,UK,2024,150,165,190,805,Range Command™ semi-powershift; Power Command™ full powershift; Auto Command™ CVT,Semi-powershift|Full powershift|CVT / IVT / EVT,Mixed (CVT + stepped),50,6,50,2789,6800,11500,11500,,113 / 140 / 160,160,5 + 3,6616,3568,6.7,6,FPT Industrial,Optional Comfort Ride™,330,Tier 4B / Stage 4,48,540/1000 or 540/540E/1000 or 540E/1000/1000E,540E|540|1000E|1000
new-holland-t7-210-2024-au,TRUE,,AU,,,,,,,New Holland T7.210,New Holland,UK,2024,165,180,210,875,Range Command™ semi-powershift; Power Command™ full powershift; Auto Command™ CVT,Semi-powershift|Full powershift|CVT / IVT / EVT,Mixed (CVT + stepped),50,6,50,2789,6800,11500,11500,,113 / 140 / 160,160,5 + 3,6616,3568,6.7,6,FPT Industrial,Optional Comfort Ride™,330,Tier 4B / Stage 4,48,540/1000 or 540/540E/1000 or 540E/1000/1000E,540E|540|1000E|1000
new-holland-t7-225-2024-au,TRUE,,AU,,,,,,,New Holland T7.225,New Holland,UK,2024,180,200,225,940,Auto Command™ CVT,CVT / IVT / EVT,CVT / IVT / EVT,50,6,50,2789,6800,11500,11500,,113 / 140 / 160,160,5 + 3,6616,3568,6.7,6,FPT Industrial,Standard Comfort Ride™,330,Tier 4B / Stage 4,48,540/1000 or 540/540E/1000 or 540E/1000/1000E,540E|540|1000E|1000
new-holland-t7-230-2025-au,TRUE,,AU,,,,,,,New Holland T7.230,New Holland,UK,2025,200,200,225,940,Power Command™ full powershift; Auto Command™ CVT,Full powershift|CVT / IVT / EVT,Mixed (CVT + stepped),50,6,50,2884,8000 / 8400,14400,14400,,120 / 150 / 170,170,5 + 3,,5925,6.7,6,FPT Industrial,Standard Comfort Ride™ / Optional Semi-active Comfort Ride™,465,Tier 3,,540/540E/1000/1000E,540E|540|1000E|1000
new-holland-t7-245-2025-au,TRUE,,AU,,,,,,,New Holland T7.245,New Holland,UK,2025,220,220,245,1035,Power Command™ full powershift; Auto Command™ CVT,Full powershift|CVT / IVT / EVT,Mixed (CVT + stepped),50,6,50,2884,8000 / 8400,14400,14400,,120 / 150 / 170,170,5 + 3,,5925,6.7,6,FPT Industrial,Standard Comfort Ride™ / Optional Semi-active Comfort Ride™,465,Tier 3 / Stage V,54,540/540E/1000/1000E,540E|540|1000E|1000
new-holland-t7-260-2025-au,TRUE,,AU,,,,,,,New Holland T7.260,New Holland,UK,2025,240,240,260,1100,Power Command™ full powershift; Auto Command™ CVT,Full powershift|CVT / IVT / EVT,Mixed (CVT + stepped),50,6,50,2884,8000 / 8900,15000,15000,,120 / 150 / 170,170,5 + 3,,5925,6.7,6,FPT Industrial,Standard Comfort Ride™ / Optional Semi-active Comfort Ride™,465,Tier 3 / Stage V,54,540/540E/1000/1000E,540E|540|1000E|1000
new-holland-t7-270-2025-au,TRUE,,AU,,,,,,,New Holland T7.270,New Holland,UK,2025,260,260,270,1160,Power Command™ full powershift; Auto Command™ CVT,Full powershift|CVT / IVT / EVT,Mixed (CVT + stepped),50,6,50,2884,8000 / 8900,15000,15000,,120 / 150 / 170,170,5 + 3,,5925,6.7,6,FPT Industrial,Standard Comfort Ride™ / Optional Semi-active Comfort Ride™,465,Stage V,54,540/540E/1000/1000E,540E|540|1000E|1000
new-holland-t7-300-2025-au,TRUE,,AU,,,,,,,New Holland T7.300,New Holland,UK,2025,280,280,300,1249,Auto Command™ CVT,CVT / IVT / EVT,CVT / IVT / EVT,50,6,50,2884,8000 / 8900,15000,15000,,120 / 150 / 170,170,5 + 3,,5925,6.7,6,FPT Industrial,Standard Comfort Ride™ / Optional Semi-active Comfort Ride™,465,Stage V,54,540/540E/1000/1000E,540E|540|1000E|1000
new-holland-t7-290-hd-2025-au,TRUE,,AU,,,,,,,New Holland T7.290 HD,New Holland,UK,2025,270,288,,1194,Auto Command™ CVT,CVT / IVT / EVT,CVT / IVT / EVT,50,6,50,2995,10500,16800,16800,,220,220,5 + 3,10305,6016,6.7,6,FPT Industrial,Standard Comfort Ride™,601,Stage V,96,540 / 540E / 1000 / 1000E,540E|540|1000E|1000
new-holland-t7-315-hd-2025-au,TRUE,,AU,,,,,,,New Holland T7.315 HD,New Holland,UK,2025,300,313,,1282,Auto Command™ CVT,CVT / IVT / EVT,CVT / IVT / EVT,50,6,50,2995,10500,16800,16800,,220,220,5 + 3,10305,6016,6.7,6,FPT Industrial,Standard Comfort Ride™,601,Stage V,96,540 / 540E / 1000 / 1000E,540E|540|1000E|1000
new-holland-t7-340-hd-2025-au,TRUE,,AU,,,,,,,New Holland T7.340 HD,New Holland,UK,2025,340,340,,1398,Auto Command™ CVT,CVT / IVT / EVT,CVT / IVT / EVT,50,6,50,2995,10500,16800,16800,,165 / 220,220,5 + 3,10305,6016,6.7,6,FPT Industrial,Standard Comfort Ride™,601,Stage V,96,540 / 540E / 1000 / 1000E,540E|540|1000E|1000
new-holland-t7-360-xd-2025-uk,TRUE,,UK,,,,,,,New Holland T7.360 XD *UK SPEC*,New Holland,Austria,2025,360,360,,1616,Auto Command™ CVT,CVT / IVT / EVT,CVT / IVT / EVT,60,6,60,3190,12450,,18000,18000,220 / 360,360,5 + 3,,5800,8.7,6,FPT Industrial,Standard Comfort Ride™,680,Stage V,,540E / 1000 / 1000E,540E|540|1000E|1000
new-holland-t7-390-xd-2025-uk,TRUE,,UK,,,,,,,New Holland T7.390 XD *UK SPEC*,New Holland,Austria,2025,390,390,,1750,Auto Command™ CVT,CVT / IVT / EVT,CVT / IVT / EVT,60,6,60,3190,12450,,18000,18000,220 / 360,360,5 + 3,,5800,8.7,6,FPT Industrial,Standard Comfort Ride™,680,Stage V,,540E / 1000 / 1000E,540E|540|1000E|1000
new-holland-t7-440-xd-2025-uk,TRUE,,UK,,,,,,,New Holland T7.440 XD *UK SPEC*,New Holland,Austria,2025,435,435,,1851,Auto Command™ CVT,CVT / IVT / EVT,CVT / IVT / EVT,60,6,60,3190,12450,,18000,18000,220 / 360,360,5 + 3,,5800,8.7,6,FPT Industrial,Standard Comfort Ride™,680,Stage V,,540E / 1000 / 1000E,540E|540|1000E|1000
new-holland-t8-320-2024-us,TRUE,,US,,,,,,,New Holland T8.320 *US SPEC*,New Holland,USA,2024,250,284,320,,Ultra Command™ full powershift; Auto Command™ CVT,Full powershift|CVT / IVT / EVT,Mixed (CVT + stepped),50,6,50,3454,11182,,,,224 / 326,326,6 + 2,,5810,8.7,6,FPT Industrial,Optional semi-active Comfort Ride™,617,Tier 4B Final,99,540E / 1000 / 1000E,540E|540|1000E|1000
new-holland-t8-350-2024-us,TRUE,,US,,,,,,,New Holland T8.350 *US SPEC*,New Holland,USA,2024,280,315,351,,Ultra Command™ full powershift; Auto Command™ CVT,Full powershift|CVT / IVT / EVT,Mixed (CVT + stepped),50,6,50,3454,11370,,,,224 / 326,326,6 + 2,,5810,8.7,6,FPT Industrial,Optional semi-active Comfort Ride™,617,Tier 4B Final,99,540E / 1000 / 1000E,540E|540|1000E|1000
new-holland-t8-380-2024-us,TRUE,,US,,,,,,,New Holland T8.380 *US SPEC*,New Holland,USA,2024,311,347,381,,Ultra Command™ full powershift; Auto Command™ CVT,Full powershift|CVT / IVT / EVT,Mixed (CVT + stepped),50,6,50,3454,11370,,,,224 / 326,326,6 + 2,,5810,8.7,6,FPT Industrial,Optional semi-active Comfort Ride™,617,Tier 4B Final,99,540E / 1000 / 1000E,540E|540|1000E|1000
new-holland-t8-410-2024-us,TRUE,,US,,,,,,,New Holland T8.410 *US SPEC*,New Holland,USA,2024,340,374,409,,Ultra Command™ full powershift; Auto Command™ CVT,Full powershift|CVT / IVT / EVT,Mixed (CVT + stepped),50,6,50,3555,12473,,,,224 / 326,326,6 + 2,,5810,8.7,6,FPT Industrial,Optional semi-active Comfort Ride™,617,Tier 4B Final,99,540E / 1000 / 1000E,540E|540|1000E|1000
new-holland-t8-435-2024-us,TRUE,,US,,,,,,,New Holland T8.435 *US SPEC*,New Holland,USA,2024,380,417,435,,Ultra Command™ full powershift; Auto Command™ CVT,Full powershift|CVT / IVT / EVT,Mixed (CVT + stepped),50,6,50,3555,13198,,,,224 / 326,326,6 + 2,,5810,8.7,6,FPT Industrial,Optional semi-active Comfort Ride™,617,Tier 4B Final,99,540E / 1000 / 1000E,540E|540|1000E|1000
new-holland-t9-470-2025-au,TRUE,,AU,,,,,,,New Holland T9.470,New Holland,USA,2025,425,467,,,Ultra Command™ full-powershift 16F/2R; Auto Command™ CVT,Full powershift|CVT / IVT / EVT,Mixed (CVT + stepped),40,6,40,3759,18507,25401,,,159 / 216 or 371 / 428,428,Up to 8 Rear,9071,,12.9,6,FPT Cursor 13,4-point Comfort Ride™ cab suspension,1170,Tier II,,1000,1000
new-holland-t9-520-2025-au,TRUE,,AU,,,,,,,New Holland T9.520,New Holland,USA,2025,475,522,,,Ultra Command™ full-powershift 16F/2R; Auto Command™ CVT,Full powershift|CVT / IVT / EVT,Mixed (CVT + stepped),40,6,40,3759,18507,25401,,,159 / 216 or 371 / 428,428,Up to 8 Rear,9071,,12.9,6,FPT Cursor 13,4-point Comfort Ride™ cab suspension,1170,Tier II,,1000,1000
new-holland-t9-580-2025-au,TRUE,,AU,,,,,,,New Holland T9.580,New Holland,USA,2025,525,578,,,Ultra Command™ full-powershift 16F/2R; Auto Command™ CVT,Full powershift|CVT / IVT / EVT,Mixed (CVT + stepped),40,6,40,3759,18507,25401,,,159 / 216 or 371 / 428,428,Up to 8 Rear,9071,,12.9,6,FPT Cursor 13,4-point Comfort Ride™ cab suspension,1170,Tier II,,1000,1000
new-holland-t9-615-2025-au,TRUE,,AU,,,,,,,New Holland T9.615,New Holland,USA,2025,555,614,,,Ultra Command™ full-powershift 16F/2R; Auto Command™ CVT,Full powershift|CVT / IVT / EVT,Mixed (CVT + stepped),40,6,40,3911,21012,27215,,,159 / 216 or 371 / 428,428,Up to 8 Rear,10319,,12.9,6,FPT Cursor 13,4-point Comfort Ride™ cab suspension,1666,Tier II,,1000,1000
new-holland-t9-655-2025-au,TRUE,,AU,,,,,,,New Holland T9.655,New Holland,USA,2025,595,656,,,Ultra Command™ full-powershift 16F/2R,Full powershift,Powershift / Semi-powershift,40,6,40,3911,22828,30391,,,159 / 216 or 371 / 428,428,Up to 8 Rear,10319,,12.9,6,FPT Cursor 13,4-point Comfort Ride™ cab suspension,1666,Tier II,,1000,1000
new-holland-t9-700-2025-au,TRUE,,AU,,,,,,,New Holland T9.700,New Holland,USA,2025,645,699,,,Ultra Command™ full-powershift 16F/2R,Full powershift,Powershift / Semi-powershift,40,6,40,3911,22828,30391,,,159 / 216 or 371 / 428,428,Up to 8 Rear,10319,,12.9,6,FPT Cursor 13,4-point Comfort Ride™ cab suspension,1666,Tier II,,1000,1000
claas-arion-410-2025-au,TRUE,,AU,,,,,,,CLAAS ARION 410,CLAAS,France,2025,90,90,,405,QUADRISHIFT 16x16,Semi-powershift,Powershift / Semi-powershift,40,4,40,2489,4800,8500,,,60 / 100 / 110 / 150,150,5 rear,3200,2800,4.5,4,FPT Industrial,Mechanical cab suspension optional,140,Stage V,17,540 / 540E / 1000,540E|540|1000
claas-arion-420-420-m-2025-au,TRUE,,AU,,,,,,,CLAAS ARION 420 / 420 M,CLAAS,France,2025,100,100,,434,QUADRISHIFT 16x16,Semi-powershift,Powershift / Semi-powershift,40,4,40,2489,4800,8500,,,60 / 100 / 110 / 150,150,5 rear,3200,2800,4.5,4,FPT Industrial,Mechanical cab suspension optional; 5‑pillar cab on M,140,Stage V,17,540 / 540E / 1000,540E|540|1000
claas-arion-430-2025-au,TRUE,,AU,,,,,,,CLAAS ARION 430,CLAAS,France,2025,115,115,,505,QUADRISHIFT 16x16; HEXASHIFT 24x24,Semi-powershift,Powershift / Semi-powershift,40,4,40,2525,5200,9000,,,60 / 100 / 110 / 150,150,5 rear,4200 / 4700,2800,4.5,4,FPT Industrial,Mechanical cab suspension optional,190,Stage V,22,540 / 540E / 1000,540E|540|1000
claas-arion-440-2025-au,TRUE,,AU,,,,,,,CLAAS ARION 440,CLAAS,France,2025,115,115,125,539,QUADRISHIFT 16x16; HEXASHIFT 24x24,Semi-powershift,Powershift / Semi-powershift,40,4,40,2525,5200,9000,,,60 / 100 / 110 / 150,150,5 rear,4200 / 4700,2800,4.5,4,FPT Industrial,Mechanical cab suspension optional,190,Stage V,22,540 / 540E / 1000,540E|540|1000
claas-arion-450-450-m-2025-au,TRUE,,AU,,,,,,,CLAAS ARION 450 / 450 M,CLAAS,France,2025,125,125,135,573,QUADRISHIFT 16x16; HEXASHIFT 24x24,Semi-powershift,Powershift / Semi-powershift,40,4,40,2525,5300,9000,,,60 / 100 / 110 / 150,150,5 rear,4200 / 4700,2800,4.5,4,FPT Industrial,Mechanical cab suspension optional; 5‑pillar cab on M,190,Stage V,22,540 / 540E / 1000,540E|540|1000
claas-arion-460-460-m-2025-au,TRUE,,AU,,,,,,,CLAAS ARION 460 / 460 M,CLAAS,France,2025,135,135,145,615,QUADRISHIFT 16x16; HEXASHIFT 24x24,Semi-powershift,Powershift / Semi-powershift,40,4,40,2525,5300,9000,,,60 / 100 / 110 / 150,150,5 rear,4200 / 4700,2800,4.5,4,FPT Industrial,Mechanical cab suspension optional; 5‑pillar cab on M,190,Stage V,22,540 / 540E / 1000,540E|540|1000
claas-arion-470-2025-au,TRUE,,AU,,,,,,,CLAAS ARION 470,CLAAS,France,2025,145,145,155,631,QUADRISHIFT 16x16; HEXASHIFT 24x24,Semi-powershift,Powershift / Semi-powershift,40,4,40,2525,5300,9000,,,60 / 100 / 110 / 150,150,5 rear,4200 / 4700,2800,4.5,4,FPT Industrial,Mechanical cab suspension optional,190,Stage V,22,540 / 540E / 1000,540E|540|1000
claas-arion-510-2025-au,TRUE,,AU,,,,,,,CLAAS ARION 510,CLAAS,France,2025,125,125,,562,HEXASHIFT; CMATIC,Semi-powershift|CVT / IVT / EVT,Mixed (CVT + stepped),50,4,50,2564,5950,10250,10250,,110,110,4 Rear + 2 Mid,5100,4000,4.5,4,John Deere,Mechanical cab suspension in base,242,Stage V,,540/1000 or 540/540E/1000/1000E,540E|540|1000E|1000
claas-arion-530-2025-au,TRUE,,AU,,,,,,,CLAAS ARION 530,CLAAS,France,2025,145,145,,619,HEXASHIFT; CMATIC,Semi-powershift|CVT / IVT / EVT,Mixed (CVT + stepped),50,4,50,2564,6000,10250,10250,,110,110,4 Rear + 2 Mid,5100,4000,4.5,4,John Deere,Mechanical cab suspension in base,242,Stage V,,540/1000 or 540/540E/1000/1000E,540E|540|1000E|1000
claas-arion-550-2025-au,TRUE,,AU,,,,,,,CLAAS ARION 550,CLAAS,France,2025,165,165,,697,HEXASHIFT; CMATIC,Semi-powershift|CVT / IVT / EVT,Mixed (CVT + stepped),50,4,50,2564,6410,11000,11000,,110,110,4 Rear + 2 Mid,5100,4000,4.5,4,John Deere,Mechanical cab suspension in base,242,Stage V,,540/1000 or 540/540E/1000/1000E,540E|540|1000E|1000
claas-arion-570-2025-au,TRUE,,AU,,,,,,,CLAAS ARION 570,CLAAS,France,2025,180,180,,730,HEXASHIFT; CMATIC,Semi-powershift|CVT / IVT / EVT,Mixed (CVT + stepped),50,4,50,2564,6824,11000,11000,,110,110,4 Rear + 2 Mid,5100,4000,4.5,4,John Deere,Mechanical cab suspension in base,242,Stage V,,540/1000 or 540/540E/1000/1000E,540E|540|1000E|1000
claas-arion-610-2025-au,TRUE,,AU,,,,,,,CLAAS ARION 610,CLAAS,France,2025,145,145,,640,HEXASHIFT; CMATIC,Semi-powershift|CVT / IVT / EVT,Mixed (CVT + stepped),50,6,50,2820,6530,10250,10250,,110,110,4 Rear + 2 Mid,5100,4000,6.8,6,John Deere,Mechanical cab suspension in base,367,Stage V,,540/1000 or 540/540E/1000/1000E,540E|540|1000E|1000
claas-arion-630-2025-au,TRUE,,AU,,,,,,,CLAAS ARION 630,CLAAS,France,2025,165,165,,703,HEXASHIFT; CMATIC,Semi-powershift|CVT / IVT / EVT,Mixed (CVT + stepped),50,6,50,2820,6740,11000,11000,,110,110,4 Rear + 2 Mid,5100,4000,6.8,6,John Deere,Mechanical cab suspension in base,367,Stage V,,540/1000 or 540/540E/1000/1000E,540E|540|1000E|1000
claas-arion-650-2025-au,TRUE,,AU,,,,,,,CLAAS ARION 650,CLAAS,France,2025,185,185,,754,HEXASHIFT; CMATIC,Semi-powershift|CVT / IVT / EVT,Mixed (CVT + stepped),50,6,50,2820,6980,12500,12500,,110,110,4 Rear + 2 Mid,5100,4000,6.8,6,John Deere,Mechanical cab suspension in base,367,Stage V,,540/1000 or 540/540E/1000/1000E,540E|540|1000E|1000
claas-arion-660-2025-au,TRUE,,AU,,,,,,,CLAAS ARION 660,CLAAS,France,2025,185,185,205,849,HEXASHIFT; CMATIC,Semi-powershift|CVT / IVT / EVT,Mixed (CVT + stepped),50,6,50,2820,7860,12500,12500,,110,110,4 Rear + 2 Mid,5100,4000,6.8,6,John Deere,Mechanical cab suspension in base,367,Stage V,,540/1000 or 540/540E/1000/1000E,540E|540|1000E|1000
claas-arion-6-140-cmatic-2026-au,TRUE,,AU,,,,,,,CLAAS ARION 6.140 CMATIC,CLAAS,France,2026,145,145,,640,CMATIC (CVT),CVT / IVT / EVT,CVT / IVT / EVT,50,6,50,2820,7470,10250,10250,,110 / 150,150,4 rear + 2 mid,5100,4000,6.8,6,John Deere,Mechanical cab suspension in base,370,Stage V,,540 / 540E / 1000 / 1000E,540E|540|1000E|1000
claas-arion-6-160-cmatic-2026-au,TRUE,,AU,,,,,,,CLAAS ARION 6.160 CMATIC,CLAAS,France,2026,165,165,,703,CMATIC (CVT),CVT / IVT / EVT,CVT / IVT / EVT,50,6,50,2820,7600,11000,11000,,110 / 150,150,4 rear + 2 mid,5100,4000,6.8,6,John Deere,Mechanical cab suspension in base,370,Stage V,,540 / 540E / 1000 / 1000E,540E|540|1000E|1000
claas-arion-6-190-cmatic-2026-au,TRUE,,AU,,,,,,,CLAAS ARION 6.190 CMATIC,CLAAS,France,2026,185,185,205,849,CMATIC (CVT),CVT / IVT / EVT,CVT / IVT / EVT,50,6,50,2820,8335,12500,12500,,150,150,4 rear + 2 mid,5100,4000,6.8,6,John Deere,Mechanical cab suspension in base,370,Stage V,,540 / 540E / 1000 / 1000E,540E|540|1000E|1000
claas-axion-820-cmatic-2024-au,TRUE,,AU,,,,,,,CLAAS AXION 820 CMATIC,CLAAS,France,2024,205,215,,,CMATIC (CVT),CVT / IVT / EVT,CVT / IVT / EVT,50,6,50,3000,9450,16000,16000,,205,205,5 rear + 3 mid,,5800,6.7,6,FPT,Hydraulic cab suspension,454,Stage V,,540 / 540E / 1000 / 1000E,540E|540|1000E|1000
claas-axion-840-cmatic-2024-au,TRUE,,AU,,,,,,,CLAAS AXION 840 CMATIC,CLAAS,France,2024,225,235,,,CMATIC (CVT),CVT / IVT / EVT,CVT / IVT / EVT,50,6,50,3000,9450,16000,16000,,205,205,5 rear + 3 mid,,5800,6.7,6,FPT,Hydraulic cab suspension,454,Stage V,,540 / 540E / 1000 / 1000E,540E|540|1000E|1000
claas-axion-860-cmatic-2024-au,TRUE,,AU,,,,,,,CLAAS AXION 860 CMATIC,CLAAS,France,2024,250,264,,,CMATIC (CVT),CVT / IVT / EVT,CVT / IVT / EVT,50,6,50,3000,9450,16000,16000,,205,205,5 rear + 3 mid,,5800,6.7,6,FPT,Hydraulic cab suspension,454,Stage V,,540 / 540E / 1000 / 1000E,540E|540|1000E|1000
claas-axion-880-cmatic-2024-au,TRUE,,AU,,,,,,,CLAAS AXION 880 CMATIC,CLAAS,France,2024,270,280,295,,CMATIC (CVT),CVT / IVT / EVT,CVT / IVT / EVT,50,6,50,3000,9450,16000,16000,,205,205,5 rear + 3 mid,,5800,6.7,6,FPT,Hydraulic cab suspension,454,Stage V,,540 / 540E / 1000 / 1000E,540E|540|1000E|1000
claas-axion-920-cmatic-2024-au,TRUE,,AU,,,,,,,CLAAS AXION 920 CMATIC,CLAAS,France,2024,320,325,,1600,CMATIC (CVT),CVT / IVT / EVT,CVT / IVT / EVT,50,6,50,3150,13000,18000,18000,,150 / 220,220,6 rear + 2 front,7520,6513,8.7,6,FPT,Hydraulic cab suspension,640,Stage V,,1000 or 540E/1000 or 1000/1000E,540E|540|1000E|1000
claas-axion-930-cmatic-2024-au,TRUE,,AU,,,,,,,CLAAS AXION 930 CMATIC,CLAAS,France,2024,350,355,,1695,CMATIC (CVT),CVT / IVT / EVT,CVT / IVT / EVT,50,6,50,3150,13000,18000,18000,,150 / 220,220,6 rear + 2 front,7520,6513,8.7,6,FPT,Hydraulic cab suspension,640,Stage V,,1000 or 540E/1000 or 1000/1000E,540E|540|1000E|1000
claas-axion-930-terra-trac-2024-au,TRUE,,AU,,,,,,,CLAAS AXION 930 TERRA TRAC,CLAAS,France,2024,350,355,,1695,CMATIC (CVT),CVT / IVT / EVT,CVT / IVT / EVT,40,6,40,2950,17000,22000,,,150 / 220,220,6 rear + 2 front,7490,6513,8.7,6,FPT,Hydraulic cab suspension,860,Stage V,,1000 or 540E/1000 or 1000/1000E,540E|540|1000E|1000
claas-axion-940-cmatic-2024-au,TRUE,,AU,,,,,,,CLAAS AXION 940 CMATIC,CLAAS,France,2024,380,385,,1770,CMATIC (CVT),CVT / IVT / EVT,CVT / IVT / EVT,50,6,50,3150,13500,18000,18000,,150 / 220,220,6 rear + 2 front,7690,6513,8.7,6,FPT,Hydraulic cab suspension,640,Stage V,,1000 or 540E/1000 or 1000/1000E,540E|540|1000E|1000
claas-axion-950-cmatic-2024-au,TRUE,,AU,,,,,,,CLAAS AXION 950 CMATIC,CLAAS,France,2024,405,410,,1820,CMATIC (CVT),CVT / IVT / EVT,CVT / IVT / EVT,50,6,50,3150,13500,18000,18000,,150 / 220,220,6 rear + 2 front,7690,6513,8.7,6,FPT,Hydraulic cab suspension,640,Stage V,,1000 or 540E/1000 or 1000/1000E,540E|540|1000E|1000
claas-axion-960-cmatic-2024-au,TRUE,,AU,,,,,,,CLAAS AXION 960 CMATIC,CLAAS,France,2024,440,445,,1860,CMATIC (CVT),CVT / IVT / EVT,CVT / IVT / EVT,50,6,50,3150,13500,18000,18000,,150 / 220,220,6 rear + 2 front,7690,6513,8.7,6,FPT,Hydraulic cab suspension,640,Stage V,,1000 or 540E/1000 or 1000/1000E,540E|540|1000E|1000
claas-axion-960-terra-trac-2024-au,TRUE,,AU,,,,,,,CLAAS AXION 960 TERRA TRAC,CLAAS,France,2024,440,445,,1860,CMATIC (CVT),CVT / IVT / EVT,CVT / IVT / EVT,40,6,40,2950,17000,22000,,,150 / 220,220,6 rear + 2 front,7490,6513,8.7,6,FPT,Hydraulic cab suspension,860,Stage V,,1000 or 540E/1000 or 1000/1000E,540E|540|1000E|1000
claas-axion-9-330-cmatic-2026-au,TRUE,,AU,,,,,,,CLAAS AXION 9.330 CMATIC,CLAAS,France,2026,317,326,,1571,CMATIC (CVT),CVT / IVT / EVT,CVT / IVT / EVT,50,6,50,3150,13500,,,,"220, 370 (220+150)",370,6 rear + 2 front,,,8.7,6,FPT,Hydraulic cab suspension,712,Stage V,,,
claas-axion-9-360-cmatic-2026-au,TRUE,,AU,,,,,,,CLAAS AXION 9.360 CMATIC,CLAAS,France,2026,351,360,,1667,CMATIC (CVT),CVT / IVT / EVT,CVT / IVT / EVT,50,6,50,3150,13500,,,,"220, 370 (220+150)",370,6 rear + 2 front,,,8.7,6,FPT,Hydraulic cab suspension,712,Stage V,,,
claas-axion-9-360-terra-trac-2026-au,TRUE,,AU,,,,,,,CLAAS AXION 9.360 TERRA TRAC,CLAAS,France,2026,351,360,,1667,CMATIC (CVT),CVT / IVT / EVT,CVT / IVT / EVT,40,6,40,2950,17500,,,,"220, 370 (220+150)",370,6 rear + 2 front,,,8.7,6,FPT,Hydraulic cab suspension,860,Stage V,,,
claas-axion-9-390-cmatic-2026-au,TRUE,,AU,,,,,,,CLAAS AXION 9.390 CMATIC,CLAAS,France,2026,385,394,,1767,CMATIC (CVT),CVT / IVT / EVT,CVT / IVT / EVT,50,6,50,3150,14000,,,,"220, 370 (220+150)",370,6 rear + 2 front,,,8.7,6,FPT,Hydraulic cab suspension,712,Stage V,,,
claas-axion-9-420-cmatic-2026-au,TRUE,,AU,,,,,,,CLAAS AXION 9.420 CMATIC,CLAAS,France,2026,409,419,,1801,CMATIC (CVT),CVT / IVT / EVT,CVT / IVT / EVT,50,6,50,3150,14000,,,,"220, 370 (220+150)",370,6 rear + 2 front,,,8.7,6,FPT,Hydraulic cab suspension,712,Stage V,,,
claas-axion-9-450-cmatic-2026-au,TRUE,,AU,,,,,,,CLAAS AXION 9.450 CMATIC,CLAAS,France,2026,439,448,,1850,CMATIC (CVT),CVT / IVT / EVT,CVT / IVT / EVT,50,6,50,3150,14000,,,,"220, 370 (220+150)",370,6 rear + 2 front,,,8.7,6,FPT,Hydraulic cab suspension,712,Stage V,,,
claas-axion-9-450-terra-trac-2026-au,TRUE,,AU,,,,,,,CLAAS AXION 9.450 TERRA TRAC,CLAAS,France,2026,439,448,,1850,CMATIC (CVT),CVT / IVT / EVT,CVT / IVT / EVT,40,6,40,2950,17500,,,,"220, 370 (220+150)",370,6 rear + 2 front,,,8.7,6,FPT,Hydraulic cab suspension,860,Stage V,,,
claas-xerion-4500-trac-2025-au,TRUE,,AU,,,,,,,CLAAS XERION 4500 TRAC,CLAAS,Germany,2025,475,490,,2400,CMATIC (CVT),CVT / IVT / EVT,CVT / IVT / EVT,50,6,50,3600,16000,,,,197 / 422,422,8 rear + 2 diverted to front,10000,,12.8,6,Mercedes-Benz,4-point cab suspension,830,,,1000,1000
claas-xerion-5000-trac-2025-au,TRUE,,AU,,,,,,,CLAAS XERION 5000 TRAC,CLAAS,Germany,2025,496,530,,2600,CMATIC (CVT),CVT / IVT / EVT,CVT / IVT / EVT,50,6,50,3600,16000,,,,197 / 422,422,8 rear + 2 diverted to front,10000,,12.8,6,Mercedes-Benz,4-point cab suspension,830,,,1000,1000
claas-xerion-12-540-terra-trac-2025-au,TRUE,,AU,,,,,,,CLAAS XERION 12.540 TERRA TRAC,CLAAS,Germany,2025,537,544,,2700,CMATIC (CVT),CVT / IVT / EVT,CVT / IVT / EVT,40,6,40,3600,25400,,,,220 / 445 / 537,537,8 rear,10000,,15.6,6,Mercedes-Benz,4-point cab suspension,1500,Stage 3,,1000,1000
claas-xerion-12-540-trac-2025-au,TRUE,,AU,,,,,,,CLAAS XERION 12.540 TRAC,CLAAS,Germany,2025,537,544,,2700,CMATIC (CVT),CVT / IVT / EVT,CVT / IVT / EVT,50,6,50,3600,19000,,,,220 / 445 / 537,537,8 rear,10000,,15.6,6,Mercedes-Benz,4-point cab suspension,1500,Stage 3,,1000,1000
claas-xerion-12-590-terra-trac-2025-au,TRUE,,AU,,,,,,,CLAAS XERION 12.590 TERRA TRAC,CLAAS,Germany,2025,578,585,,2850,CMATIC (CVT),CVT / IVT / EVT,CVT / IVT / EVT,40,6,40,3600,25400,,,,220 / 445 / 537,537,8 rear,10000,,15.6,6,Mercedes-Benz,4-point cab suspension,1500,Stage 3,,1000,1000
claas-xerion-12-590-trac-2025-au,TRUE,,AU,,,,,,,CLAAS XERION 12.590 TRAC,CLAAS,Germany,2025,578,585,,2850,CMATIC (CVT),CVT / IVT / EVT,CVT / IVT / EVT,50,6,50,3600,19000,,,,220 / 445 / 537,537,8 rear,10000,,15.6,6,Mercedes-Benz,4-point cab suspension,1500,Stage 3,,1000,1000
claas-xerion-12-650-terra-trac-2025-au,TRUE,,AU,,,,,,,CLAAS XERION 12.650 TERRA TRAC,CLAAS,Germany,2025,612,653,,3100,CMATIC (CVT),CVT / IVT / EVT,CVT / IVT / EVT,40,6,40,3600,25400,,,,220 / 445 / 537,537,8 rear,10000,,15.6,6,Mercedes-Benz,4-point cab suspension,1500,Stage 3,,1000,1000
claas-xerion-12-650-trac-2025-au,TRUE,,AU,,,,,,,CLAAS XERION 12.650 TRAC,CLAAS,Germany,2025,612,653,,3100,CMATIC (CVT),CVT / IVT / EVT,CVT / IVT / EVT,50,6,50,3600,19000,,,,220 / 445 / 537,537,8 rear,10000,,15.6,6,Mercedes-Benz,4-point cab suspension,1500,Stage 3,,1000,1000
kubota-m5091-2019-au,TRUE,,AU,,,,,,,Kubota M5091,Kubota,Japan,2019,93,93,,,"18F/18R, optional 36F/36R",Mechanical / Shuttle,Mechanical / Shuttle,39,4,39,2250,3270,,,,64,64,up to 3,3200,,3.8,4,Kubota,,105,,,540 / 540E (option: 540 / 1000),540E|540|1000
kubota-m5091n-2019-au,TRUE,,AU,,,,,,,Kubota M5091N,Kubota,Japan,2019,93,93,,,36F/36R electro-hydraulic shuttle,Mechanical / Shuttle,Mechanical / Shuttle,35,4,35,2130,2600,,,,68,68,up to 5,1500,,3.8,4,Kubota,,76,,,540 / 540E (option: 540 / 540E / 1000),540E|540|1000
kubota-m5101n-2019-au,TRUE,,AU,,,,,,,Kubota M5101N,Kubota,Japan,2019,105,105,,,36F/36R electro-hydraulic shuttle,Mechanical / Shuttle,Mechanical / Shuttle,35,4,35,2130,2600,,,,68,68,up to 5,1500,,3.8,4,Kubota,,76,,,540 / 540E (option: 540 / 540E / 1000),540E|540|1000
kubota-m5111-2019-au,TRUE,,AU,,,,,,,Kubota M5111,Kubota,Japan,2019,110,110,,,"18F/18R, optional 36F/36R",Mechanical / Shuttle,Mechanical / Shuttle,39,4,39,2250,3270,,,,64,64,up to 3,3200,,3.8,4,Kubota,,105,,,540 / 540E (option: 540 / 1000),540E|540|1000
kubota-m9540-2018-au,TRUE,,AU,,,,,,,Kubota M9540,Kubota,Japan,2018,95,95,,,F18/R18,Mechanical / Shuttle,Mechanical / Shuttle,35,4,35,2250,2800,,,,64,64,up to 3,3200,,3.8,4,Kubota,,110,Tier II,,540 / 540E (1000 optional),540E|540|1000
kubota-m9540-dhc-ds-2018-au,TRUE,,AU,,,,,,,Kubota M9540 DHC-DS,Kubota,Japan,2018,95,95,,,F36/R36,Mechanical / Shuttle,Mechanical / Shuttle,39,4,39,2250,3305,,,,64,64,up to 3,3200,,3.8,4,Kubota,,110,Tier III,,540 / 540E (1000 optional),540E|540|1000
kubota-m100gx-2019-au,TRUE,,AU,,,,,,,Kubota M100GX,Kubota,Japan,2019,100,100,,,24F/24R (32F/32Roptional),Mechanical / Shuttle,Mechanical / Shuttle,38,4,38,2810,3990,,,,70,70,up to 4,4285,,3.8,4,Kubota,,190,Interim Tier IV,,540 / 1000,540|1000
kubota-m110gx-2019-au,TRUE,,AU,,,,,,,Kubota M110GX,Kubota,Japan,2019,110,110,,,24F/24R (32F/32Roptional),Mechanical / Shuttle,Mechanical / Shuttle,38,4,38,2810,3990,,,,70,70,up to 4,4285,,3.8,4,Kubota,,190,Interim Tier IV,,540 / 1000,540|1000
kubota-m126gx-2019-au,TRUE,,AU,,,,,,,Kubota M126GX,Kubota,Japan,2019,125,125,,,24F/24R (32F/32Roptional),Mechanical / Shuttle,Mechanical / Shuttle,39,4,39,2885,4400,,,,77,77,up to 4,4285,,6.1,4,Kubota,,190,Interim Tier IV,,540 / 1000,540|1000
kubota-m135gx-2019-au,TRUE,,AU,,,,,,,Kubota M135GX,Kubota,Japan,2019,135,135,,,24F/24R (32F/32Roptional),Mechanical / Shuttle,Mechanical / Shuttle,39,4,39,2885,4400,,,,77,77,up to 4,4285,,6.1,4,Kubota,,190,Interim Tier IV,,540 / 1000,540|1000
kubota-m7-132-2021-au,TRUE,,AU,,,,,,,Kubota M7-132,Kubota,France,2021,128,128,148,,Semi-Powershift F30/R15 or KVT (CVT),Semi-powershift|Full powershift|CVT / IVT / EVT,Mixed (CVT + stepped),50,4,50,2794,6598,,,11500,80 / 110,110,up to 5,5350,,6.1,4,Kubota,Optional Mechanical,330 (Tier 4) / 390 (Tier 2),Tier 2 / Tier 4 Final,38,540 / 540E / 1000 / 1000E,540E|540|1000E|1000
kubota-m7-152-2021-au,TRUE,,AU,,,,,,,Kubota M7-152,Kubota,France,2021,148,148,168,,Semi-Powershift F30/R15 or KVT (CVT),Semi-powershift|Full powershift|CVT / IVT / EVT,Mixed (CVT + stepped),50,4,50,2794,6848,,,11500,80 / 110,110,up to 5,5350,,6.1,4,Kubota,Optional Mechanical,330 (Tier 4) / 390 (Tier 2),Tier 2 / Tier 4 Final,38,540 / 540E / 1000 / 1000E,540E|540|1000E|1000
kubota-m7-172-2021-au,TRUE,,AU,,,,,,,Kubota M7-172,Kubota,France,2021,168,168,173,,Semi-Powershift F30/R15 or KVT (CVT),Semi-powershift|Full powershift|CVT / IVT / EVT,Mixed (CVT + stepped),50,4,50,2794,6848,,,11500,80 / 110,110,up to 5,5350,,6.1,4,Kubota,Optional Mechanical,330 (Tier 4) / 390 (Tier 2),Tier 2 / Tier 4 Final,38,540 / 540E / 1000 / 1000E,540E|540|1000E|1000
deutz-fahr-6125c-rv-shift-2025-au,TRUE,,AU,,,,,,,Deutz-Fahr 6125C RV Shift,Deutz-Fahr,Italy,2025,136,136,,524,RV Shift Powershift,Semi-powershift|Full powershift,Powershift / Semi-powershift,40,4,40,2510,4900,,,,120,120,"3 Rear, 1 Diverter",,,3.8,4,Deutz-Fahr,,200,Tier 3,,540/540E/1000,540E|540|1000
deutz-fahr-6135c-rv-shift-2025-au,TRUE,,AU,,,,,,,Deutz-Fahr 6135C RV Shift,Deutz-Fahr,Italy,2025,143,143,,550,RV Shift Powershift,Semi-powershift|Full powershift,Powershift / Semi-powershift,50,4,50,2510,4900,,,,120,120,3 Rear,,,3.8,4,Deutz-Fahr,,200,Tier 3,,540/540E/1000,540E|540|1000
deutz-fahr-6145g-2025-au,TRUE,,AU,,,,,,,Deutz-Fahr 6145G,Deutz-Fahr,Germany,2025,147,147,,599,Powershift (30+15) / RC-Shift (54/27),Mechanical / Shuttle|Semi-powershift|Full powershift,Powershift / Semi-powershift,50,6,50,2767,6267,,,,110 / 120,120,3 Rear,,,6.1,6,Deutz-Fahr,Mechanical Cab Suspension,250,Tier 3,,540/540E/1000/1000E,540E|540|1000E|1000
deutz-fahr-6165g-2025-au,TRUE,,AU,,,,,,,Deutz-Fahr 6165G,Deutz-Fahr,Germany,2025,163,163,,659,Powershift (30+15) / RC-Shift (54/27),Mechanical / Shuttle|Semi-powershift|Full powershift,Powershift / Semi-powershift,50,6,50,2767,6267,,,,110 / 120,120,3 Rear,,,6.1,6,Deutz-Fahr,Mechanical Cab Suspension,250,Tier 3,,540/540E/1000/1000E,540E|540|1000E|1000
deutz-fahr-6185g-2025-au,TRUE,,AU,,,,,,,Deutz-Fahr 6185G,Deutz-Fahr,Germany,2025,191,191,,770,RC-Shift (54/27),Mechanical / Shuttle|Semi-powershift,Powershift / Semi-powershift,50,6,50,2767,7704,,,,120 / 125,125,4 Rear,,,6.1,6,Deutz-Fahr,Mechanical Cab Suspension,345,Tier 3,,540/540E/1000/1000E,540E|540|1000E|1000
deutz-fahr-6205g-2025-au,TRUE,,AU,,,,,,,Deutz-Fahr 6205G,Deutz-Fahr,Germany,2025,203,203,,810,RC-Shift (54/27),Mechanical / Shuttle|Semi-powershift,Powershift / Semi-powershift,50,6,50,2767,7704,,,,125,125,4 Rear,,,6.1,6,Deutz-Fahr,Mechanical Cab Suspension,345,Tier 3,,540/540E/1000/1000E,540E|540|1000E|1000
deutz-fahr-6170-rc-shift-warrior-2025-au,TRUE,,AU,,,,,,,Deutz-Fahr 6170 RC-Shift Warrior,Deutz-Fahr,Germany,2025,171,171,,699,RC-Shift (54/27),Mechanical / Shuttle|Semi-powershift,Powershift / Semi-powershift,50,6,50,2767,7080,,,,120,120,4 Rear,,5480,6.1,6,Deutz-Fahr,Mechanical Cab Suspension,350,Tier 3,,540/540E/1000/1000E,540E|540|1000E|1000
deutz-fahr-6190-rc-shift-warrior-2025-au,TRUE,,AU,,,,,,,Deutz-Fahr 6190 RC-Shift Warrior,Deutz-Fahr,Germany,2025,192,192,,821,RC-Shift (54/27),Mechanical / Shuttle|Semi-powershift,Powershift / Semi-powershift,50,6,50,2848,7320,,,,120,120,4 Rear,,5480,6.1,6,Deutz-Fahr,Mechanical Cab Suspension,400,Tier 3,,540/540E/1000/1000E,540E|540|1000E|1000
deutz-fahr-6230-rc-shift-warrior-2025-au,TRUE,,AU,,,,,,,Deutz-Fahr 6230 RC-Shift Warrior,Deutz-Fahr,Germany,2025,230,230,,891,RC-Shift (54/27),Mechanical / Shuttle|Semi-powershift,Powershift / Semi-powershift,50,6,50,2848,8330,,,,120,120,4 Rear + 1 Front,,5480,6.1,6,Deutz-Fahr,Mechanical Cab Suspension,400,Tier 3,,540/540E/1000/1000E,540E|540|1000E|1000
deutz-fahr-6190-ttv-warrior-2025-au,TRUE,,AU,,,,,,,Deutz-Fahr 6190 TTV Warrior,Deutz-Fahr,Germany,2025,192,192,,821,TTV - Infinite,CVT / IVT / EVT,CVT / IVT / EVT,50,6,50,2769,7200,,,,120,120,4 Rear + 1 Front,,4110,6.1,6,Deutz,Mechanical Cab Suspension,420,Tier 3,,540E/1000/1000E,540E|540|1000E|1000
deutz-fahr-6230-ttv-warrior-2025-au,TRUE,,AU,,,,,,,Deutz-Fahr 6230 TTV Warrior,Deutz-Fahr,Germany,2025,230,230,,970,TTV - Infinite,CVT / IVT / EVT,CVT / IVT / EVT,50,6,50,2848,8000,,,,160,160,4 Rear + 1 Front,,5480,6.1,6,Deutz,Mechanical Cab Suspension,420,Tier 3,,540E/1000/1000E,540E|540|1000E|1000
deutz-fahr-8280-ttv-warrior-2025-au,TRUE,,AU,,,,,,,Deutz-Fahr 8280 TTV Warrior,Deutz-Fahr,Germany,2025,287,287,,1226,TTV - Infinite,CVT / IVT / EVT,CVT / IVT / EVT,60,6,60,2918,11900,,,,160,160,4 Rear + 1 Front,,5480,6.1,6,Deutz,Mechanical Cab Suspension,505,Tier 3,,540E/1000/1000E,540E|540|1000E|1000
deutz-fahr-9340-ttv-warrior-2025-au,TRUE,,AU,,,,,,,Deutz-Fahr 9340 TTV Warrior,Deutz-Fahr,Germany,2025,336,336,,1372,ZF Terramatic CVT,CVT / IVT / EVT,CVT / IVT / EVT,60,6,60,3153,14820,,,,210,210,4 Rear + 1 Front,,5000,7.8,6,Deutz,Pneumatic Cab Suspension,600,Tier 3,,540E/1000/1000E,540E|540|1000E|1000
valtra-a75-2025-au,TRUE,,AU,,,,,,,Valtra A75,Valtra,Finland,2025,75,75,,315,Mechanical 12+12R (GL),Mechanical / Shuttle,Mechanical / Shuttle,40,3,40,2250,3700,6200,,,65,65,2–3 Rear,2800,,3.3,3,AGCO Power,Mechanical,147,Stage V,13,540 / 1000,540|1000
valtra-a85-2025-au,TRUE,,AU,,,,,,,Valtra A85,Valtra,Finland,2025,85,85,,350,Mechanical 12+12R (GL),Mechanical / Shuttle,Mechanical / Shuttle,40,3,40,2250,3700,6200,,,65,65,2–3 Rear,2800,,3.3,3,AGCO Power,Mechanical,147,Stage V,13,540 / 1000,540|1000
valtra-a95-2025-au,TRUE,,AU,,,,,,,Valtra A95,Valtra,Finland,2025,95,95,,355,Mechanical 12+12R (GL),Mechanical / Shuttle,Mechanical / Shuttle,40,3,40,2250,3700,6200,,,65,65,2–3 Rear,2800,,3.3,3,AGCO Power,Mechanical,147,Stage V,13,540 / 1000,540|1000
valtra-a105-2025-au,TRUE,,AU,,,,,,,Valtra A105,Valtra,Finland,2025,105,105,,435,HiTech 4 (16+16R),Mechanical / Shuttle|Semi-powershift,Powershift / Semi-powershift,40,4,40,2430,4305,8500,,,98,98,2–3 Rear,4300,2500,4.4,4,AGCO Power,Mechanical,200,Stage V,13,540 / 540E / 1000,540E|540|1000
valtra-a115-2025-au,TRUE,,AU,,,,,,,Valtra A115,Valtra,Finland,2025,115,115,,455,HiTech 4 (16+16R),Mechanical / Shuttle|Semi-powershift,Powershift / Semi-powershift,40,4,40,2430,4305,8500,,,98,98,2–3 Rear,4300,2500,4.4,4,AGCO Power,Mechanical,200,Stage V,13,540 / 540E / 1000,540E|540|1000
valtra-g105-2025-au,TRUE,,AU,,,,,,,Valtra G105,Valtra,Finland,2025,105,105,110,470,Powershift / CVT,Full powershift|CVT / IVT / EVT,Mixed (CVT + stepped),43,4,43,2550,5140,9500,,,100 / 110,110,4 Rear + 2-4 Front,5100,3000,4.4,4,AGCO Power,Mechanical / Hydraulic option,200,Stage V,21,540 / 540E / 1000,540E|540|1000
valtra-g115-2025-au,TRUE,,AU,,,,,,,Valtra G115,Valtra,Finland,2025,115,115,120,510,Powershift / CVT,Full powershift|CVT / IVT / EVT,Mixed (CVT + stepped),43,4,43,2550,5140,9500,,,100 / 110,110,4 Rear + 2-4 Front,5100,3000,4.4,4,AGCO Power,Mechanical / Hydraulic option,200,Stage V,21,540 / 540E / 1000,540E|540|1000
valtra-g125-2025-au,TRUE,,AU,,,,,,,Valtra G125,Valtra,Finland,2025,125,125,130,540,Powershift / CVT,Full powershift|CVT / IVT / EVT,Mixed (CVT + stepped),43,4,43,2550,5140,9500,,,100 / 110,110,4 Rear + 2-4 Front,5100,3000,4.4,4,AGCO Power,Mechanical / Hydraulic option,200,Stage V,21,540 / 540E / 1000,540E|540|1000
valtra-g135-2025-au,TRUE,,AU,,,,,,,Valtra G135,Valtra,Finland,2025,135,135,145,560,Powershift / CVT,Full powershift|CVT / IVT / EVT,Mixed (CVT + stepped),43,4,43,2550,5140,9500,,,100 / 110,110,4 Rear + 2-4 Front,5100,3000,4.4,4,AGCO Power,Mechanical / Hydraulic option,200,Stage V,21,540 / 540E / 1000,540E|540|1000
valtra-n135-2021-au,TRUE,,AU,,,,,,,Valtra N135,Valtra,Finland,2021,135,135,145,620,Powershift / CVT,Full powershift|CVT / IVT / EVT,Mixed (CVT + stepped),53,4,53,2665,6500,11000,11000,,73 / 115 / 160 / 200,200,5 Rear + 2-4 Front,7800,3000,4.9,4,AGCO Power,Mechanical / Pneumatic option,235,Stage V,45,540 / 540E / 1000,540E|540|1000
valtra-n155e-2021-au,TRUE,,AU,,,,,,,Valtra N155e,Valtra,Finland,2021,155,155,165,700,Powershift / CVT,Full powershift|CVT / IVT / EVT,Mixed (CVT + stepped),53,4,53,2665,6500,11000,11000,,73 / 115 / 160 / 200,200,5 Rear + 2-4 Front,7800,3000,4.9,4,AGCO Power,Mechanical / Pneumatic option,235,Stage V,45,540 / 540E / 1000,540E|540|1000
valtra-n175-2021-au,TRUE,,AU,,,,,,,Valtra N175,Valtra,Finland,2021,165,165,201,800,Powershift / CVT,Full powershift|CVT / IVT / EVT,Mixed (CVT + stepped),53,4,53,2665,6500,11000,11000,,73 / 115 / 160 / 200,200,5 Rear + 2-4 Front,7800,3000,4.9,4,AGCO Power,Mechanical / Pneumatic option,235,Stage V,45,540 / 540E / 1000,540E|540|1000
valtra-t145-2021-au,TRUE,,AU,,,,,,,Valtra T145,Valtra,Finland,2021,155,155,170,680,Powershift / CVT,Full powershift|CVT / IVT / EVT,Mixed (CVT + stepped),57,6,57,2995,7300,13500,13500,13500,73 / 115 / 160 / 200,200,5 Rear + 2 Front,9500,5100,6.6,6,AGCO Power,Mechanical / Pneumatic option,380,Stage V,70,540 / 540E / 1000,540E|540|1000
valtra-t155-2021-au,TRUE,,AU,,,,,,,Valtra T155,Valtra,Finland,2021,165,165,180,740,Powershift / CVT,Full powershift|CVT / IVT / EVT,Mixed (CVT + stepped),57,6,57,2995,7300,13500,13500,13500,73 / 115 / 160 / 200,200,5 Rear + 2 Front,9500,5100,6.6,6,AGCO Power,Mechanical / Pneumatic option,380,Stage V,70,540 / 540E / 1000,540E|540|1000
valtra-t175e-2021-au,TRUE,,AU,,,,,,,Valtra T175e,Valtra,Finland,2021,175,175,190,900,Powershift / CVT,Full powershift|CVT / IVT / EVT,Mixed (CVT + stepped),57,6,57,2995,7300,13500,13500,13500,73 / 115 / 160 / 200,200,5 Rear + 2 Front,9500,5100,7.4,6,AGCO Power,Mechanical / Pneumatic option,380,Stage V,70,540 / 540E / 1000,540E|540|1000
valtra-t195-2021-au,TRUE,,AU,,,,,,,Valtra T195,Valtra,Finland,2021,195,195,210,870,Powershift / CVT,Full powershift|CVT / IVT / EVT,Mixed (CVT + stepped),57,6,57,2995,7300,13500,13500,13500,73 / 115 / 160 / 200,200,5 Rear + 2 Front,9500,5100,7.4,6,AGCO Power,Mechanical / Pneumatic option,380,Stage V,70,540 / 540E / 1000,540E|540|1000
valtra-t215-2021-au,TRUE,,AU,,,,,,,Valtra T215,Valtra,Finland,2021,215,215,230,910,Powershift / CVT,Full powershift|CVT / IVT / EVT,Mixed (CVT + stepped),57,6,57,2995,7300,13500,13500,13500,73 / 115 / 160 / 200,200,5 Rear + 2 Front,9500,5100,7.4,6,AGCO Power,Mechanical / Pneumatic option,380,Stage V,70,540 / 540E / 1000,540E|540|1000
valtra-t235-2021-au,TRUE,,AU,,,,,,,Valtra T235,Valtra,Finland,2021,235,235,250,1000,Powershift / CVT,Full powershift|CVT / IVT / EVT,Mixed (CVT + stepped),57,6,57,2995,7300,13500,13500,13500,73 / 115 / 160 / 200,200,5 Rear + 2 Front,9500,5100,7.4,6,AGCO Power,Mechanical / Pneumatic option,380,Stage V,70,540 / 540E / 1000,540E|540|1000
valtra-t255-2021-au,TRUE,,AU,,,,,,,Valtra T255,Valtra,Finland,2021,235,235,271,1000,Powershift / CVT,Full powershift|CVT / IVT / EVT,Mixed (CVT + stepped),57,6,57,2995,7300,13500,13500,13500,73 / 115 / 160 / 200,200,5 Rear + 2 Front,9500,5100,7.4,6,AGCO Power,Mechanical / Pneumatic option,380,Stage V,70,540 / 540E / 1000,540E|540|1000
valtra-s286-2023-au,TRUE,,AU,,,,,,,Valtra S286,Valtra,Finland,2023,280,280,310,1400,CVT,CVT / IVT / EVT,CVT / IVT / EVT,53,6,53,3092,12000,18000,16000,,205 / 400,400,6 Rear + 2 Front,12000,5800,8.4,6,AGCO Power,Mechanical / Pneumatic option,610,Stage V,70,540E / 1000 / 1000E,540E|540|1000E|1000
valtra-s316-2023-au,TRUE,,AU,,,,,,,Valtra S316,Valtra,Finland,2023,310,310,340,1500,CVT,CVT / IVT / EVT,CVT / IVT / EVT,53,6,53,3092,12000,18000,16000,,205 / 400,400,6 Rear + 2 Front,12000,5800,8.4,6,AGCO Power,Mechanical / Pneumatic option,610,Stage V,70,540E / 1000 / 1000E,540E|540|1000E|1000
valtra-s346-2023-au,TRUE,,AU,,,,,,,Valtra S346,Valtra,Finland,2023,340,340,370,1600,CVT,CVT / IVT / EVT,CVT / IVT / EVT,53,6,53,3092,12000,18000,16000,,205 / 400,400,6 Rear + 2 Front,12000,5800,8.4,6,AGCO Power,Mechanical / Pneumatic option,610,Stage V,70,540E / 1000 / 1000E,540E|540|1000E|1000
valtra-s376-2023-au,TRUE,,AU,,,,,,,Valtra S376,Valtra,Finland,2023,370,370,400,1700,CVT,CVT / IVT / EVT,CVT / IVT / EVT,53,6,53,3092,12000,18000,16000,,205 / 400,400,6 Rear + 2 Front,12000,5800,8.4,6,AGCO Power,Mechanical / Pneumatic option,610,Stage V,70,540E / 1000 / 1000E,540E|540|1000E|1000
valtra-s396-2023-au,TRUE,,AU,,,,,,,Valtra S396,Valtra,Finland,2023,400,400,420,1750,CVT,CVT / IVT / EVT,CVT / IVT / EVT,53,6,53,3092,12000,18000,16000,,205 / 400,400,6 Rear + 2 Front,12000,5800,8.4,6,AGCO Power,Mechanical / Pneumatic option,610,Stage V,70,540E / 1000 / 1000E,540E|540|1000E|1000
valtra-s416-2023-au,TRUE,,AU,,,,,,,Valtra S416,Valtra,Finland,2023,420,420,420,1750,CVT,CVT / IVT / EVT,CVT / IVT / EVT,53,6,53,3092,12000,18000,16000,,205 / 400,400,6 Rear + 2 Front,12000,5800,8.4,6,AGCO Power,Mechanical / Pneumatic option,610,Stage V,70,540E / 1000 / 1000E,540E|540|1000E|1000
